-- phpMyAdmin SQL Dump
-- version 5.2.1
-- https://www.phpmyadmin.net/
--
-- Máy chủ: 127.0.0.1
-- Thời gian đã tạo: Th4 18, 2024 lúc 02:50 AM
-- Phiên bản máy phục vụ: 10.4.28-MariaDB
-- Phiên bản PHP: 8.2.4

SET SQL_MODE = "NO_AUTO_VALUE_ON_ZERO";
START TRANSACTION;
SET time_zone = "+00:00";


/*!40101 SET @OLD_CHARACTER_SET_CLIENT=@@CHARACTER_SET_CLIENT */;
/*!40101 SET @OLD_CHARACTER_SET_RESULTS=@@CHARACTER_SET_RESULTS */;
/*!40101 SET @OLD_COLLATION_CONNECTION=@@COLLATION_CONNECTION */;
/*!40101 SET NAMES utf8mb4 */;

--
-- Cơ sở dữ liệu: `sweet_peach`
--

-- --------------------------------------------------------

--
-- Cấu trúc bảng cho bảng `chapters`
--

CREATE TABLE `chapters` (
  `chapter_id` int(11) NOT NULL,
  `comic_id` int(11) DEFAULT NULL,
  `title` varchar(255) DEFAULT NULL,
  `chapter_number` int(11) DEFAULT NULL,
  `view_count` int(11) DEFAULT NULL,
  `is_deleted` tinyint(1) NOT NULL DEFAULT 0,
  `updated_at` timestamp NOT NULL DEFAULT current_timestamp() ON UPDATE current_timestamp()
) ENGINE=InnoDB DEFAULT CHARSET=utf8mb4 COLLATE=utf8mb4_general_ci;

--
-- Đang đổ dữ liệu cho bảng `chapters`
--

INSERT INTO `chapters` (`chapter_id`, `comic_id`, `title`, `chapter_number`, `view_count`, `is_deleted`, `updated_at`) VALUES
(15, 8, 'Chapter 1', 1, 1040, 0, '2024-04-01 03:15:33'),
(16, 8, 'Chapter 2', 2, 1029, 0, '2024-04-13 03:15:33'),
(17, 8, 'Chapter 3', 3, 1007, 0, '2024-04-13 03:18:22'),
(18, 8, 'Chapter 4', 4, 1003, 0, '2024-04-16 03:21:39'),
(19, 8, 'Chapter 5', 5, 1000, 0, '2024-04-14 03:18:22'),
(20, 8, 'Chapter 6', 6, 1000, 0, '2024-04-15 03:18:22'),
(21, 8, 'Chapter 7', 7, 1000, 0, '2024-04-15 03:18:22'),
(22, 8, 'Chapter  9', 9, 1003, 0, '2024-04-16 03:23:38'),
(23, 9, 'Chapter 1', 1, 9, 0, '2024-04-01 03:35:14'),
(24, 9, 'Chapter 2', 2, 1008, 0, '2024-04-02 03:35:14'),
(25, 9, 'Chapter 3', 3, 1003, 0, '2024-04-03 03:35:14'),
(26, 9, 'Chapter 4', 4, 1001, 0, '2024-04-04 03:35:14'),
(27, 9, 'Chapter 5', 5, 1001, 0, '2024-04-05 03:35:14'),
(28, 9, 'Chapter 6', 6, 1001, 0, '2024-04-06 03:35:14'),
(29, 9, 'Chapter 7', 7, 1001, 0, '2024-04-07 03:35:14'),
(30, 9, 'Chapter 8', 8, 1000, 0, '2024-04-08 03:35:14'),
(31, 9, 'Chapter 9', 9, 1000, 0, '2024-04-09 03:35:14'),
(32, 9, 'Chapter 10', 10, 1002, 0, '2024-04-16 03:35:14'),
(33, 10, 'Chapter 1', 1, 1001, 0, '2024-04-03 03:35:14'),
(34, 10, 'Chapter 2', 2, 1001, 0, '2024-04-03 03:35:14'),
(35, 10, 'Chapter 3', 3, 1001, 0, '2024-04-03 03:35:14'),
(36, 10, 'Chapter 4', 4, 1000, 0, '2024-04-04 03:35:14'),
(37, 10, 'Chapter 5', 5, 1000, 0, '2024-04-05 03:35:14'),
(38, 10, 'Chapter 6', 6, 1000, 0, '2024-04-06 03:35:14'),
(39, 10, 'Chapter 7', 7, 1000, 0, '2024-04-07 03:35:14'),
(40, 10, 'Chapter 8', 8, 1000, 0, '2024-04-08 03:35:14'),
(41, 10, 'Chapter 9', 9, 1000, 0, '2024-04-09 03:35:14'),
(42, 10, 'Chapter 10', 10, 1000, 0, '2024-04-18 03:35:14'),
(43, 11, 'Chapter 1', 1, 1000, 0, '2024-04-03 03:35:14'),
(44, 11, 'Chapter 2', 2, 1000, 0, '2024-04-03 03:35:14'),
(45, 11, 'Chapter 3', 3, 1000, 0, '2024-04-03 03:35:14'),
(46, 11, 'Chapter 4', 4, 1000, 0, '2024-04-04 03:35:14'),
(47, 11, 'Chapter 5', 5, 1000, 0, '2024-04-05 03:35:14'),
(48, 11, 'Chapter 6', 6, 1000, 0, '2024-04-06 03:35:14'),
(49, 11, 'Chapter 7', 7, 1000, 0, '2024-04-07 03:35:14'),
(50, 11, 'Chapter 8', 8, 1000, 0, '2024-04-08 03:35:14'),
(51, 11, 'Chapter 9', 9, 1000, 0, '2024-04-09 03:35:14'),
(52, 11, 'Chapter 10', 10, 1000, 0, '2024-04-16 03:38:14'),
(53, 12, 'Chapter 1', 1, 1001, 0, '2024-04-03 03:35:14'),
(54, 12, 'Chapter 2', 2, 1000, 0, '2024-04-03 03:35:14'),
(55, 12, 'Chapter 3', 3, 1001, 0, '2024-04-03 03:35:14'),
(56, 12, 'Chapter 4', 4, 1000, 0, '2024-04-04 03:35:14'),
(57, 12, 'Chapter 5', 5, 1000, 0, '2024-04-05 03:35:14'),
(58, 12, 'Chapter 6', 6, 1000, 0, '2024-04-06 03:35:14'),
(59, 12, 'Chapter 7', 7, 1000, 0, '2024-04-07 03:35:14'),
(60, 12, 'Chapter 8', 8, 1000, 0, '2024-04-08 03:35:14'),
(61, 12, 'Chapter 9', 9, 1000, 0, '2024-04-09 03:35:14'),
(62, 12, 'Chapter 10', 10, 1000, 0, '2024-04-15 03:35:14'),
(63, 13, 'Chapter 1', 1, 1000, 0, '2024-04-03 03:35:14'),
(64, 13, 'Chapter 2', 2, 1000, 0, '2024-04-03 03:35:14'),
(65, 13, 'Chapter 3', 3, 1000, 0, '2024-04-03 03:35:14'),
(66, 13, 'Chapter 4', 4, 1000, 0, '2024-04-04 03:35:14'),
(67, 13, 'Chapter 5', 5, 1000, 0, '2024-04-05 03:35:14'),
(68, 13, 'Chapter 6', 6, 1000, 0, '2024-04-06 03:35:14'),
(69, 13, 'Chapter 7', 7, 1000, 0, '2024-04-07 03:35:14'),
(70, 13, 'Chapter 8', 8, 1000, 0, '2024-04-08 03:35:14'),
(71, 13, 'Chapter 9', 9, 1000, 0, '2024-04-09 03:35:14'),
(72, 13, 'Chapter 10', 10, 1000, 0, '2024-04-16 03:39:14'),
(73, 14, 'Chapter 1', 1, 1000, 0, '2024-04-03 03:35:14'),
(74, 14, 'Chapter 2', 2, 1000, 0, '2024-04-03 03:35:14'),
(75, 14, 'Chapter 3', 3, 1000, 0, '2024-04-03 03:35:14'),
(76, 14, 'Chapter 4', 4, 1000, 0, '2024-04-04 03:35:14'),
(77, 14, 'Chapter 5', 5, 1000, 0, '2024-04-05 03:35:14'),
(78, 14, 'Chapter 6', 6, 1000, 0, '2024-04-06 03:35:14'),
(79, 14, 'Chapter 7', 7, 1000, 0, '2024-04-07 03:35:14'),
(80, 14, 'Chapter 8', 8, 1000, 0, '2024-04-08 03:35:14'),
(81, 14, 'Chapter 9', 9, 1000, 0, '2024-04-09 03:35:14'),
(82, 14, 'Chapter 10', 10, 1000, 0, '2024-04-15 03:35:14'),
(83, 15, 'Chapter 1', 1, 1000, 0, '2024-04-03 03:35:14'),
(84, 15, 'Chapter 2', 2, 1000, 0, '2024-04-03 03:35:14'),
(85, 15, 'Chapter 3', 3, 1000, 0, '2024-04-03 03:35:14'),
(86, 15, 'Chapter 4', 4, 1000, 0, '2024-04-04 03:35:14'),
(87, 15, 'Chapter 5', 5, 1000, 0, '2024-04-05 03:35:14'),
(88, 15, 'Chapter 6', 6, 1000, 0, '2024-04-06 03:35:14'),
(89, 15, 'Chapter 7', 7, 1000, 0, '2024-04-07 03:35:14'),
(90, 15, 'Chapter 8', 8, 1000, 0, '2024-04-08 03:35:14'),
(91, 15, 'Chapter 9', 9, 1000, 0, '2024-04-09 03:35:14'),
(92, 15, 'Chapter 10', 10, 1000, 0, '2024-04-14 03:35:14'),
(93, 16, 'Chapter 1', 1, 1000, 0, '2024-04-03 03:35:14'),
(94, 16, 'Chapter 2', 2, 1000, 0, '2024-04-03 03:35:14'),
(95, 16, 'Chapter 3', 3, 1000, 0, '2024-04-03 03:35:14'),
(96, 16, 'Chapter 4', 4, 1000, 0, '2024-04-04 03:35:14'),
(97, 16, 'Chapter 5', 5, 1000, 0, '2024-04-05 03:35:14'),
(98, 16, 'Chapter 6', 6, 1000, 0, '2024-04-06 03:35:14'),
(99, 16, 'Chapter 7', 7, 1000, 0, '2024-04-07 03:35:14'),
(100, 16, 'Chapter 8', 8, 1000, 0, '2024-04-08 03:35:14'),
(101, 16, 'Chapter 9', 9, 1000, 0, '2024-04-09 03:35:14'),
(102, 17, 'Chapter 1', 1, 1000, 0, '2024-04-03 03:35:14'),
(103, 17, 'Chapter 2', 2, 1000, 0, '2024-04-03 03:35:14'),
(104, 17, 'Chapter 3', 3, 1000, 0, '2024-04-03 03:35:14'),
(105, 17, 'Chapter 4', 4, 1000, 0, '2024-04-04 03:35:14'),
(106, 17, 'Chapter 5', 5, 1000, 0, '2024-04-05 03:35:14'),
(107, 17, 'Chapter 6', 6, 1000, 0, '2024-04-06 03:35:14'),
(108, 17, 'Chapter 7', 7, 1000, 0, '2024-04-07 03:35:14'),
(109, 17, 'Chapter 8', 8, 1000, 0, '2024-04-08 03:35:14'),
(110, 18, 'Chapter 1', 1, 1001, 0, '2024-04-03 03:35:14'),
(111, 18, 'Chapter 2', 2, 1000, 0, '2024-04-03 03:35:14'),
(112, 18, 'Chapter 3', 3, 1000, 0, '2024-04-03 03:35:14'),
(113, 18, 'Chapter 4', 4, 1000, 0, '2024-04-04 03:35:14'),
(114, 18, 'Chapter 5', 5, 1000, 0, '2024-04-05 03:35:14'),
(115, 18, 'Chapter 6', 6, 1000, 0, '2024-04-06 03:35:14'),
(116, 18, 'Chapter 7', 7, 1000, 0, '2024-04-07 03:35:14'),
(117, 18, 'Chapter 8', 8, 1000, 0, '2024-04-08 03:35:14'),
(118, 18, 'Chapter 9', 9, 1000, 0, '2024-04-09 03:35:14'),
(119, 18, 'Chapter 10', 10, 1000, 0, '2024-04-16 03:35:14'),
(120, 19, 'Chapter 1', 1, 1000, 0, '2024-04-03 03:35:14'),
(121, 19, 'Chapter 2', 2, 1000, 0, '2024-04-03 03:35:14'),
(122, 19, 'Chapter 3', 3, 1000, 0, '2024-04-03 03:35:14'),
(123, 19, 'Chapter 4', 4, 1000, 0, '2024-04-04 03:35:14'),
(124, 19, 'Chapter 5', 5, 1000, 0, '2024-04-05 03:35:14'),
(125, 19, 'Chapter 6', 6, 1000, 0, '2024-04-06 03:35:14'),
(126, 19, 'Chapter 7', 7, 1000, 0, '2024-04-07 03:35:14'),
(127, 20, 'Chapter 1', 1, 1001, 0, '2024-04-03 03:35:14'),
(128, 20, 'Chapter 2', 2, 1001, 0, '2024-04-03 03:35:14'),
(129, 20, 'Chapter 3', 3, 1001, 0, '2024-04-03 03:35:14'),
(130, 20, 'Chapter 4', 4, 1000, 0, '2024-04-04 03:35:14'),
(131, 20, 'Chapter 5', 5, 1000, 0, '2024-04-05 03:35:14'),
(132, 20, 'Chapter 6', 6, 1000, 0, '2024-04-06 03:35:14'),
(133, 20, 'Chapter 7', 7, 1000, 0, '2024-04-07 03:35:14'),
(134, 20, 'Chapter 8', 8, 1000, 0, '2024-04-16 03:35:14');

-- --------------------------------------------------------

--
-- Cấu trúc bảng cho bảng `chapter_images`
--

CREATE TABLE `chapter_images` (
  `chapter_image_id` int(11) NOT NULL,
  `chapter_id` int(11) DEFAULT NULL,
  `image_path` varchar(255) DEFAULT NULL,
  `is_deleted` tinyint(1) NOT NULL DEFAULT 0
) ENGINE=InnoDB DEFAULT CHARSET=utf8mb4 COLLATE=utf8mb4_general_ci;

--
-- Đang đổ dữ liệu cho bảng `chapter_images`
--

INSERT INTO `chapter_images` (`chapter_image_id`, `chapter_id`, `image_path`, `is_deleted`) VALUES
(26, 15, 'b00f32f7-d623-4091-8896-e568762d4927_002-fix.jpg', 0),
(27, 15, '8692262f-b46c-4c99-8f36-ac6ee4fe030a_003-fix.jpg', 0),
(28, 15, '26c019fc-8e2d-498b-b038-8b580aa16065_004-fix.jpg', 0),
(29, 15, '4634b8ff-33de-4536-b607-1dac5ad94508_005-fix.jpg', 0),
(30, 15, '40b7948e-aa20-491b-a0f3-6a2439ee7e3f_006-fix.jpg', 0),
(31, 15, '1ac33c08-33c5-4649-acac-930a4d92ed4e_007-fix.jpg', 0),
(32, 15, '437d101e-ea7c-4165-8414-4ee65570518e_008-fix.jpg', 0),
(33, 15, '7f944902-5baf-4ea0-b622-59d88ab37259_009-fix.jpg', 0),
(34, 15, '4d0cfe41-9092-4aa9-b896-d08f1c6bef98_010-fix.jpg', 0),
(35, 15, '97b47ff4-44a8-442b-8488-564f67242c1f_011-fix.jpg', 0),
(36, 15, 'b464e1c0-ffa8-4729-8095-b7577d79cec5_012-fix.jpg', 0),
(37, 15, '4c4c0936-df3f-48c7-8a40-86e4c1e8a400_013-fix.jpg', 0),
(38, 15, '992c7983-c8e8-4a32-9aa5-86c2f025f0a4_014-fix.jpg', 0),
(39, 15, '3224dbf1-fabc-454b-801d-f88a080e45b9_015-fix.jpg', 0),
(40, 15, 'e2b99663-92ee-42bf-87ed-6bf4ff6ea3a3_016-fix.jpg', 0),
(41, 15, '876ef1cf-8e6f-4795-876b-a1634d7c32ae_017-fix.jpg', 0),
(42, 15, 'b54ae54f-d172-4c15-a59f-dbebc046e53b_018-fix.jpg', 0),
(43, 15, 'fbf7e942-6b4f-4d90-bd74-13a1028db0b7_019-fix.jpg', 0),
(44, 15, '5134bd4d-ec63-4ff7-bd93-35dd7c758340_020-fix.jpg', 0),
(45, 15, '87d72257-2bfa-4ebd-9b80-5f23beae4b35_021-fix.jpg', 0),
(46, 15, '3e47dcfd-1cc2-4304-b324-5e9a1e63323a_022-fix.jpg', 0),
(47, 15, '99cd321d-1297-4c7f-81d7-76ea5d75d5a0_023-fix.jpg', 0),
(48, 15, 'ab3e1139-5541-46d9-a66a-a96604e5dafb_025-fix.jpg', 0),
(49, 15, '9a002acf-7ffd-4c71-991e-103be81ce4aa_026-fix.jpg', 0),
(50, 15, 'a423777f-2dd4-4c3d-853b-e5897d0a0ed0_027-fix.jpg', 0),
(51, 15, 'f956bf64-5064-4473-a0f7-7196aaf6c1c2_028-fix.jpg', 0),
(52, 16, '8640014b-ebb2-4897-a4ad-ab85b1d3b016_003-fix.jpg', 0),
(53, 16, '65deeafe-f8c8-4b4c-b8e6-93aa4342bcf7_004-fix.jpg', 0),
(55, 16, '069c9033-47ab-4acd-9b70-e9105abbefe8_005-fix.jpg', 0),
(56, 16, 'dc55ab58-1253-4367-92d4-8eb55bc5b2cb_006-fix.jpg', 0),
(57, 16, '4b33d085-17a8-4169-9444-2fe99d550e3f_007-fix.jpg', 0),
(58, 16, '022d8e36-f2bd-4ea1-bdcf-9a63360a996c_008-fix.jpg', 0),
(59, 16, 'f0a05395-a8fa-4eec-80ab-27900130dbf9_009-fix.jpg', 0),
(60, 16, '0c387555-6f6f-47e1-88b1-c7794209bac3_010-fix.jpg', 0),
(61, 17, 'bc09026c-195f-4a38-adca-7c93f39a3815_011-fix.jpg', 0),
(62, 17, '4803b208-1ea5-4442-9700-525a7f6dec6e_012-fix.jpg', 0),
(63, 17, '29777775-379d-425d-9d1f-e1776599f940_013-fix.jpg', 0),
(64, 17, '54ce96c5-0e7a-471c-a7d3-4391c8e4bf82_014-fix.jpg', 0),
(65, 17, 'ee8596e1-dc58-43de-aff4-cf20157a7af8_015-fix.jpg', 0),
(66, 17, 'ecafd611-cc98-45f9-9f75-222790caf5ae_016-fix.jpg', 0),
(67, 17, '5c3707e6-c248-44d5-aeca-67d67d5c526e_017-fix.jpg', 0),
(68, 17, '4adf53cd-ec7c-4223-ae6f-3671c2e1e297_018-fix.jpg', 0),
(69, 17, 'a794d0db-c8b1-4070-8251-e255b664d17a_019-fix.jpg', 0),
(70, 17, 'e8576fb9-417e-481c-ac4c-00fa444fa705_020-fix.jpg', 0),
(71, 17, '50f6557a-950e-4254-985d-ea056b54fc2e_021-fix.jpg', 0),
(72, 17, '5a929f72-b88c-4187-9d95-335d1cbb431b_022-fix.jpg', 0),
(73, 17, '3425bd3b-ae73-41a3-b0bb-8092cce93286_023-fix.jpg', 0),
(74, 17, 'd5f26262-6632-4500-bf02-17b874727ecf_024-fix.jpg', 0),
(75, 17, '070b76e0-aae2-4837-a56e-485e5aab119e_025-fix.jpg', 0),
(76, 18, 'a6c400a2-09c6-460e-ad1d-ee613fcd890c_026-fix.jpg', 0),
(77, 18, 'e4e0fc3e-4589-4cfd-9da6-98077538252b_027-fix.jpg', 0),
(78, 18, 'dbe040b7-a3a2-4612-9eca-d7a7414f6387_028-fix.jpg', 0),
(79, 18, '856db9ce-37b6-4b96-af84-650b468e0c6c_029-fix.jpg', 0),
(80, 18, '0e572d49-27d3-427b-8e49-1d511d633f4b_030-fix.jpg', 0),
(81, 19, '8264fa8b-8df0-4f6b-834a-d18e9cf6ed5d_031-fix.jpg', 0),
(82, 19, '73b61c57-24dd-47e2-bcf5-dd52e555f89a_032-fix.jpg', 0),
(83, 19, '18054c9d-04f2-400b-93fa-f86f1f52f0c5_033-fix.jpg', 0),
(84, 19, 'cedcaa49-da6b-4693-8f45-55f58fd66583_034-fix.jpg', 0),
(85, 19, '79a8225b-b43d-417f-92e2-2d950e83d13c_035-fix.jpg', 0),
(86, 20, 'b36f53d5-899e-47f1-a36a-609fea5de6f8_036-fix.jpg', 0),
(87, 20, 'ff201e17-f50b-48b3-9d59-45396de7b485_037-fix.jpg', 0),
(88, 20, 'b7a9578b-a73b-4e92-b0ef-25c19bc42bbc_038-fix.jpg', 0),
(89, 20, 'ee525723-a3fd-457c-9b59-915ece8b6ef5_039-fix.jpg', 0),
(90, 20, '3288f131-631c-4865-a11c-3682885fd5ee_040-fix.jpg', 0),
(91, 20, '0f063b96-3796-45be-8f61-bf8dc310108e_041-fix.jpg', 0),
(92, 20, 'db1bc89d-e703-4aff-b311-16588ba4b006_042-fix.jpg', 0),
(93, 21, '698a3f00-eec0-424e-81fa-71c7421dff0b_043-fix.jpg', 0),
(94, 21, '456eb9f7-0638-4498-b28a-29b83c8cd9aa_044-fix.jpg', 0),
(95, 21, '73a643f1-7ef9-41d9-9fac-d9fc780d2a9b_045-fix.jpg', 0),
(96, 21, 'af914a41-b5cd-4d4a-b8d9-049f69330d50_046-fix.jpg', 0),
(97, 21, '6c3dae87-860d-4ca9-b5c9-e97dde81442c_047-fix.jpg', 0),
(98, 21, 'dfcf56f4-5e7d-47d4-80ec-a15cddf80ccf_048-fix.jpg', 0),
(99, 21, '16dff627-c5af-477d-8bac-5a113314f600_049-fix.jpg', 0),
(100, 21, '2806ac99-de61-4f78-ab1e-36eb092fdf29_050-fix.jpg', 0),
(101, 21, '9946b272-dd9d-459b-9d82-2b7ce699d8a5_051-fix.jpg', 0),
(102, 21, 'd96098f3-b322-4fa3-b83d-49eeb1c69f5a_052-fix.jpg', 0),
(103, 21, '13058236-c619-4817-9021-006ed9d43770_053-fix.jpg', 0),
(104, 21, '1c3e761e-f83f-4201-87ff-b995281b5c96_054-fix.jpg', 0),
(105, 21, 'fd59eed7-60d1-4ef9-95da-c77d5f671331_055-fix.jpg', 0),
(106, 21, '986a2a3f-062a-43c5-a4e5-8025ee3a1b35_056-fix.jpg', 0),
(107, 21, '5ab5b19d-6d67-4e27-bbe4-31ffb726d7c0_057-fix.jpg', 0),
(108, 21, 'eea7dfb9-3c4b-4c20-bc8b-e73129e579da_058-fix.jpg', 0),
(109, 21, '2cd56e1a-0239-4425-bdf6-2ed51ddd06fa_059-fix.jpg', 0),
(110, 21, 'c7c1b3f7-97b3-428f-b65a-a6e4520fa2d6_060-fix.jpg', 0),
(111, 21, '449b941d-8284-4e16-95a4-7594ff23b780_061-fix.jpg', 0),
(112, 21, '67583059-3741-4c3d-9c4e-6a070b6366e1_062-fix.jpg', 0),
(113, 21, 'b1fa2742-a655-40db-aada-ca87c0b3e8d0_063-fix.jpg', 0),
(114, 21, 'dc3805c5-9e31-4bce-8076-8a4fc5ad4daa_064-fix.jpg', 0),
(115, 21, '60785dee-f374-47e3-83a6-8588b4575710_065-fix.jpg', 0),
(116, 21, '0f0de33b-0c4f-4db8-a333-b01b356c06e1_066-fix.jpg', 0),
(117, 21, '4fa8866b-c053-4d13-a0ab-63190a71f530_067-fix.jpg', 0),
(118, 21, 'c77d02d0-e645-425d-9c3e-d221d6def5c0_068-fix.jpg', 0),
(119, 22, '28e082ee-2717-4e7c-a143-b43f3de70d5b_068-fix.jpg', 0),
(120, 22, '05e91f0e-974c-4210-847b-e81347e4c6ed_069-fix.jpg', 0),
(121, 22, 'bde8ae59-245b-4d9b-a82f-fb636ec90671_070-fix.jpg', 0),
(122, 22, '0fae91a5-1d63-448b-98d2-bcb5427f5807_071-fix.jpg', 0),
(123, 22, '230948b2-a84e-47c0-b240-c64cad518b9a_072-fix.jpg', 0),
(124, 22, '395522bb-362b-41e6-80c0-d9e376ef170b_072-fix.jpg', 0),
(125, 23, '3639179c-03f2-479e-867f-95fe3d579534_003.jpg', 0),
(126, 23, 'c861aeaf-a171-4837-b48e-ef01f0c635de_004.jpg', 0),
(127, 23, 'a72770d3-844a-43b3-b7a6-9d6feb03b6a4_005.jpg', 0),
(128, 23, '5de1800a-f237-4a50-a186-4040f4477896_006.jpg', 0),
(129, 23, '4f427ed3-d59c-4707-b72e-6a3e06897386_007.jpg', 0),
(130, 23, '6be053bc-ce1f-465d-8b90-5732b027fdfd_008.jpg', 0),
(131, 23, '9481b4b7-9069-4e5b-a267-467c10c6d65d_009.jpg', 0),
(132, 23, '48b7204b-4064-4278-aad1-f9f1e11afa63_010.jpg', 0),
(133, 23, 'cf230496-92d3-4aa4-947b-c5ffbbe0ae06_011.jpg', 0),
(134, 23, 'c763e247-3bc7-4c55-9e9d-e6f84f78a207_012.jpg', 0),
(135, 23, 'a7b06fa8-d1f9-463c-8be3-95dd1e5f53c4_013.jpg', 0),
(136, 23, '38386a06-b874-4bda-97b7-2f52224a1b8f_014.jpg', 0),
(137, 23, 'bb43c1ca-d7f1-440f-ac67-c48fe3f4eff2_015.jpg', 0),
(138, 23, 'f2c2dbf2-59ce-4ca9-9a81-f4d85d2c3a76_016.jpg', 0),
(139, 23, 'ded5e251-bd2f-495a-b8bc-243f3afac760_017.jpg', 0),
(140, 23, '7fb5aad2-5bc5-4658-9774-0e6b32ca81d4_018.jpg', 0),
(141, 23, '05a63a7d-0b40-4cdb-afe9-287d60bfd169_019.jpg', 0),
(142, 23, '5d9de232-eb42-423e-a03e-8fa118bb9dc1_020.jpg', 0),
(143, 23, '818ae619-f64f-447f-9393-93713575c3e4_021.jpg', 0),
(144, 23, '89ce09a3-7731-409e-8019-d4eef6dd7620_022.jpg', 0),
(145, 23, 'b74b219e-858e-4d1b-9bfe-3de1b0948a3e_023.jpg', 0),
(146, 23, '3253a921-0a19-4508-8f08-71219ee21d63_024.jpg', 0),
(147, 23, '5a12bcc0-9b4a-40d4-9c3b-e9f4e5844629_025.jpg', 0),
(148, 23, '2841ee96-11dc-48cc-a9f2-07520ed28f33_026.jpg', 0),
(149, 23, 'a0b002cb-7b7a-47cd-bfcf-0a723a083785_027.jpg', 0),
(150, 23, '28a12c54-fb5b-42d1-883a-c0e6a8f61738_028.jpg', 0),
(151, 23, '57fca0fb-9885-4967-aaa2-34f2627475c2_029.jpg', 0),
(152, 24, 'e5a355b3-285d-4a93-a0a7-d7693286153e_029.jpg', 0),
(153, 24, 'e6a070a5-7afb-42dc-8783-337f0a17715d_030.jpg', 0),
(154, 24, '1e1b2bf3-6da1-4239-a9b0-934bbc49cc01_031.jpg', 0),
(155, 24, '4bfb2122-4d71-45a1-9cc4-d65adff6b3a6_032.jpg', 0),
(156, 24, '6724c4d6-4da6-48bc-b2fa-f8defcbe264e_033.jpg', 0),
(157, 24, '9bc5cd30-2cc9-40a9-928e-34009f5c9356_034.jpg', 0),
(158, 24, '0b722e3a-fd94-4f2e-b2ef-e5e42ddaf2cc_035.jpg', 0),
(159, 24, '05168c93-da9b-4617-bcf2-8b80722fd368_036.jpg', 0),
(160, 24, '417691df-2d25-462d-8ccb-eca8e3809801_037.jpg', 0),
(161, 24, '96b3b6b7-50c0-46de-8b5a-ab68e9032905_038.jpg', 0),
(162, 24, 'b658ab83-3258-478d-b9ac-09031c8f9c0f_039.jpg', 0),
(163, 24, '9074f42c-6aa6-4bec-a15c-0dedc306fc13_040.jpg', 0),
(164, 24, 'ea17d7c3-4d17-46eb-8ec8-69f5b530fdb1_041.jpg', 0),
(165, 24, '9380ec21-278f-40d5-aadb-8e7b9cf4bde8_042.jpg', 0),
(166, 24, '81ba2dea-2cd5-4136-9d60-6aae55502131_043.jpg', 0),
(167, 24, 'd78eb24e-b89d-41d4-9ce3-ef4e6b18f41b_044.jpg', 0),
(168, 24, '48d5b27c-a970-4b38-8756-232d56f455b5_045.jpg', 0),
(169, 24, 'eceb58b0-3fbf-4b1c-9f9f-03102f51ccd3_046.jpg', 0),
(170, 24, '8c8743f9-9625-4ab1-8c57-ed5aaca7f36f_047.jpg', 0),
(171, 24, '71e872ea-2a6a-4112-96e8-fefb2cf14899_048.jpg', 0),
(172, 24, 'd461f465-ad2e-49dc-bd4c-cebe74c11562_049.jpg', 0),
(173, 24, '977f42f1-f0ea-4599-90d5-e6b40f7ddb65_050.jpg', 0),
(174, 24, '5f481c9e-52d0-4f39-95f7-9aa867a3a5f4_051.jpg', 0),
(175, 24, '46dabe3b-5947-4763-84eb-d184a7f385bd_052.jpg', 0),
(176, 25, '067ce330-d703-482c-8ba5-8ccafbe7a953_003.jpg', 0),
(177, 25, 'cb48d2cd-a70e-421c-8b90-b6856ff7ba72_004.jpg', 0),
(178, 25, 'dc7ab8c8-5e07-4c9e-94a5-d7dc9bcf4e6c_005.jpg', 0),
(179, 25, '3930fbc1-3f0c-4d3f-a6c0-95102bc2aab8_006.jpg', 0),
(180, 25, '66d89ab2-361f-464c-8dec-725358510ea1_007.jpg', 0),
(181, 25, 'c4d15a58-535a-436e-a665-8a6001280789_008.jpg', 0),
(182, 25, '7a4f0101-86dc-480c-b1fb-280d70538355_009.jpg', 0),
(183, 25, '5a8b9fe9-21bd-48ba-bda0-02b17e11313f_010.jpg', 0),
(184, 25, 'bd7c1a4e-8a9b-42f6-b064-a2d2962e1a9f_011.jpg', 0),
(185, 25, '94c7a657-f3e4-4c2f-adc9-62f1cc7c5078_012.jpg', 0),
(186, 25, 'b8355cd0-4bad-4c91-b6e8-d35b3dce961d_013.jpg', 0),
(187, 25, '16f2e175-82b0-47f6-adfa-2de8f5563828_014.jpg', 0),
(188, 25, '5e0a881d-1a34-4cbc-b611-49e3b210d99d_015.jpg', 0),
(189, 25, '04a83669-1e12-422d-bacd-27e2f1e606b1_016.jpg', 0),
(190, 25, '41c7856a-7ce0-41db-81e1-45fe0ab1a283_017.jpg', 0),
(191, 25, 'e6fa26cf-6ed4-44b2-9e1d-38b4f0bf9dd3_018.jpg', 0),
(192, 25, 'ef941f82-6b4c-4efe-a9e5-2aabb95c2cfd_019.jpg', 0),
(193, 25, '47a2e4d6-3b3d-4bd9-83e4-fa0ed0d4fd2e_020.jpg', 0),
(194, 25, '2b1e2096-4fa0-4e03-aae4-35b75e3a1876_021.jpg', 0),
(195, 25, '0c6e61e0-d708-418c-a8e5-935ee728848e_022.jpg', 0),
(196, 25, '93535543-77b3-43d2-b9eb-5454d38da06b_023.jpg', 0),
(197, 25, 'fc64e444-c432-4ff9-9f4c-957f2472a71b_024.jpg', 0),
(198, 25, 'b0cf57ee-854f-4977-b15f-9c4e298f0685_025.jpg', 0),
(199, 25, '22d7e21e-b452-468d-9f22-c9ceaa48c1be_026.jpg', 0),
(200, 25, '4deea0e4-8346-4faa-b049-0fa44a2edeb6_027.jpg', 0),
(201, 25, 'e41b8f2f-0917-41c4-a209-554b0d7788c8_028.jpg', 0),
(202, 25, '6fc9a888-2561-42fa-a71d-957e9b1722e0_029.jpg', 0),
(203, 26, '1851253f-49ba-4006-9407-27f317234e21_029.jpg', 0),
(204, 26, '619251a4-d28d-40b7-bad1-cb065b93feb8_030.jpg', 0),
(205, 26, '91ff3a21-f7ae-4012-acaa-f524aa27cd9b_031.jpg', 0),
(206, 26, '44d7e21a-3f62-429e-9352-695f5d88bd32_032.jpg', 0),
(207, 26, 'e88cfae5-fd4a-4aa8-b214-d37b3cbc5c1f_033.jpg', 0),
(208, 26, '81bd8ed5-d994-435f-8e6f-887d64b5eff2_034.jpg', 0),
(209, 26, '257f051c-8f51-4adb-95c1-8cd60e9c2aac_035.jpg', 0),
(210, 26, '7fdd5260-687a-4fca-8969-7a02177e8302_036.jpg', 0),
(211, 26, '7aa88505-6281-4e7c-991b-511b3536b4a4_037.jpg', 0),
(212, 26, 'd6b9e719-1521-49be-bb2a-50e154fcee44_038.jpg', 0),
(213, 26, '439b1b83-16e9-4ad9-956b-362fa747ddb5_039.jpg', 0),
(214, 26, 'f602c64d-02a7-477c-8072-e73991307837_040.jpg', 0),
(215, 26, 'e23bb1a6-ef70-4437-9c9d-13be0ca17c17_041.jpg', 0),
(216, 26, 'a5b3114e-21e3-46d2-b71b-441ceddd3c6d_042.jpg', 0),
(217, 26, '18ed0d98-603a-4d46-bf5c-8d0771875935_043.jpg', 0),
(218, 26, '7ce0ad77-01ce-43de-873d-fdf46b2e5260_044.jpg', 0),
(219, 26, '8ee44d10-f8a1-4f0a-9c74-fe1743c9e2a1_045.jpg', 0),
(220, 26, 'dac60051-d197-46f6-8902-a96dcfe27dd5_046.jpg', 0),
(221, 26, '4c253cd5-5c06-45a4-ba4d-642c24b723ad_047.jpg', 0),
(222, 26, '48f21332-e47f-4b8d-817d-c27a7e771726_048.jpg', 0),
(223, 26, 'f4f53249-c355-4749-a5fd-739cc68c0586_049.jpg', 0),
(224, 26, '57a7a73a-2abc-4fbe-9409-83ef04ebd307_050.jpg', 0),
(225, 26, '622cc5a7-5fba-4a01-96a8-8a1018888a9c_051.jpg', 0),
(226, 26, '4fde22af-9120-490f-8860-a2ee9954765c_052.jpg', 0),
(227, 26, 'cb38437d-3ce9-43fe-b287-46aa5440a24e_053.jpg', 0),
(228, 27, '69f82984-95ce-4293-bfc8-d7838cb5b5b3_003.jpg', 0),
(229, 27, 'f7c84431-cc44-4b9e-a708-a59f2ffbbe71_004.jpg', 0),
(230, 27, '459b9f8f-7075-468c-b3fd-c82758cba406_005.jpg', 0),
(231, 27, 'fa86a9e6-adbd-4d96-998b-ca9e709e8f1e_006.jpg', 0),
(232, 27, '696666e5-c893-412a-9b3e-47c75c5c05b5_007.jpg', 0),
(233, 27, '10f3ed11-e3bb-481f-8465-0bdb9a8e27fb_008.jpg', 0),
(234, 27, 'de3e39ed-a0dd-4b0e-9a05-9953a7f4aa04_009.jpg', 0),
(235, 27, '39ad9bea-997f-4d6c-8f25-8f448eb8b8c1_010.jpg', 0),
(236, 27, 'a8d21a81-04a6-4ef8-b3ac-0e64430fd2d6_011.jpg', 0),
(237, 27, '812741e1-cea2-4772-a5c8-47dc5f3cdcbf_012.jpg', 0),
(238, 27, '3702548d-5c79-498f-9a96-4380a12eb32d_013.jpg', 0),
(239, 27, '66fbc57a-cc1e-4970-961e-c1a9ea4ee6cf_014.jpg', 0),
(240, 27, '01ef0025-4522-49bd-8480-17c68ecce6aa_015.jpg', 0),
(241, 27, '47ad897a-68cf-4372-8b59-41f94843d097_016.jpg', 0),
(242, 27, 'd02a7070-1b47-4215-9c3c-55996f97fe65_017.jpg', 0),
(243, 27, 'c91e6cb3-a115-4937-93f9-4f6ced0a7e4a_018.jpg', 0),
(244, 27, 'dc9ebcfa-fb60-4075-ab22-a2f6a69013b1_019.jpg', 0),
(245, 27, 'b5435f46-345b-443e-ad6d-6d043a488dc3_020.jpg', 0),
(246, 27, '1666c064-caa2-409b-b9d2-7751249973ed_021.jpg', 0),
(247, 27, '77148596-b391-4750-80fa-0dd054e63aee_022.jpg', 0),
(248, 27, '50851544-5373-4d14-bc7a-2d7e5330e52a_023.jpg', 0),
(249, 27, 'af075d23-0084-42a0-8e75-e779a2063341_024.jpg', 0),
(250, 27, '64ccdeb8-211e-477c-8292-f1fb091f6ea7_025.jpg', 0),
(251, 27, '73b22232-ae12-4ef2-937d-d03a70b7fc89_026.jpg', 0),
(252, 27, '114893f4-0bb7-4ccd-94be-653f4a903df7_027.jpg', 0),
(253, 28, '2376dc5d-90f1-4292-b8f4-1419fe920311_027.jpg', 0),
(254, 28, '54f978e4-9545-4d98-a118-ff0122ecd06c_028.jpg', 0),
(255, 28, 'd8f3ede1-4fe8-426a-bbd6-9a467ab4ab99_029.jpg', 0),
(256, 28, '4772390a-835b-47bc-8272-d8688804c888_030.jpg', 0),
(257, 28, '14db1cbd-435e-4bf9-b37c-8d87bf301d2a_031.jpg', 0),
(258, 28, '9f19ad64-1787-4436-885a-18ca37232a37_032.jpg', 0),
(259, 28, '516a17fc-f88b-4372-973b-2a3cb6ce8fce_033.jpg', 0),
(260, 28, '0841a230-95cd-4df1-b03b-0f802fb2b145_034.jpg', 0),
(261, 28, '774828d8-4683-4fe3-95bc-a4c8e0cffc67_035.jpg', 0),
(262, 28, '6860b0c3-8bdf-4b2f-a99b-025e34edb37e_036.jpg', 0),
(263, 28, '5eb3ccd9-7766-4a7a-a077-ea1bdcb40730_037.jpg', 0),
(264, 28, '7a38dba4-cb22-4b69-b9d8-d1b4dd0a0673_038.jpg', 0),
(265, 28, '8d991d96-2209-4726-ae0c-6b666ba4dc54_039.jpg', 0),
(266, 28, '08561533-7a89-4bf8-b763-c2e37259e752_040.jpg', 0),
(267, 28, '63e0e138-4fb3-4a0f-85ca-f4e0ce8f6819_041.jpg', 0),
(268, 28, '629da246-caa1-4320-9ec5-1661ac1e5685_042.jpg', 0),
(269, 28, '7abb91d8-3712-41b6-b52d-197eb885f6c8_043.jpg', 0),
(270, 28, 'e1a0d17d-7134-45bd-be84-6d0136f3c736_044.jpg', 0),
(271, 28, '9b904343-6af6-4129-bd93-401f32e87ed9_045.jpg', 0),
(272, 28, '74b130eb-ffd0-4fc1-82c9-269100287cdb_046.jpg', 0),
(273, 28, '182b4a3f-ad77-4a1b-af0d-4c03da69f88d_047.jpg', 0),
(274, 28, 'e85a9f2f-1ce4-46da-be20-06a0ae00bffb_048.jpg', 0),
(275, 28, 'd927211b-06e7-426f-a4da-829bf5466c7c_049.jpg', 0),
(276, 28, '2983f907-4831-483a-a88a-334ba60bb1bd_050.jpg', 0),
(277, 29, '70ac6a1f-95cc-4d63-9e1f-c771b521d191_002.jpg', 0),
(278, 29, '3737498a-bf5b-46a4-bc90-c4ab7dcaafab_003.jpg', 0),
(279, 29, 'd3551be3-e0e1-4a42-a478-7fc531ba77a3_004.jpg', 0),
(280, 29, '79165fb9-78ec-424a-8b99-4db2fcdf92ef_005.jpg', 0),
(281, 29, '90f552b6-470a-4341-a2d8-65014c2e9a02_006.jpg', 0),
(282, 29, '8dcaab6b-2cf9-45f7-bc8d-9cdc7bf75b59_007.jpg', 0),
(283, 29, 'aaf4580b-6c7b-4e1c-8baf-bb1f2e87ef52_008.jpg', 0),
(284, 29, '9fc7b919-a9e5-406a-955c-5c3db826aae9_009.jpg', 0),
(285, 29, 'a945a3ae-b490-4a5d-a6f1-4806e556c01c_010.jpg', 0),
(286, 29, '9fc25839-288b-4d61-8114-390bab4ed468_011.jpg', 0),
(287, 29, '979c288f-1af0-499e-852a-1c304ee45c79_012.jpg', 0),
(288, 29, '7784271f-e7d3-4565-9575-e5aa8e37ffcf_013.jpg', 0),
(289, 29, '1806a543-f7c5-49bf-8136-ed81b8e9ba0a_014.jpg', 0),
(290, 29, 'a533187e-10da-484a-8b54-f329c437a578_015.jpg', 0),
(291, 29, '0f1a7f92-ec71-4d27-ae8d-7bfd22e24f42_016.jpg', 0),
(292, 29, '849cde79-993f-4ca0-a989-c51ed85ca521_017.jpg', 0),
(293, 29, '1b017c8b-2d4e-4f44-9cfe-2ecea5251f18_018.jpg', 0),
(294, 29, '6e7e76fa-cb73-4053-87bc-377680b36df0_019.jpg', 0),
(295, 29, '805c305e-2c16-4aae-b222-a9e6e3d0da6a_020.jpg', 0),
(296, 29, '8331b102-7359-413e-b395-9dabf3190827_021.jpg', 0),
(297, 29, '4ce252a5-0bce-468b-893f-2b7a46beb2e4_022.jpg', 0),
(298, 29, 'c0e88fe7-36c2-44cb-abce-1b71ef2def1c_023.jpg', 0),
(299, 29, '33cc7b57-dd7b-43e1-9995-08448f53c9e3_024.jpg', 0),
(300, 29, '9b41fa3a-a034-424d-9c90-84e651989e77_025.jpg', 0),
(301, 29, 'edd23a74-7541-4070-b497-e1b1cde0ddbf_026.jpg', 0),
(302, 29, '8f234b42-b636-4ee7-b6fc-e4285eed0645_027.jpg', 0),
(303, 29, '33683544-b32f-4693-a14e-bc7ab922dba1_028.jpg', 0),
(304, 30, 'e2ae415a-1a85-42f6-bfc1-2829208ba276_028.jpg', 0),
(305, 30, '48e6a136-0ae2-408a-9fd6-a6b5de8afd34_029.jpg', 0),
(306, 30, '07b520a2-c5f9-44db-8b4b-7cf801030980_030.jpg', 0),
(307, 30, '8d4051ff-9e0a-47ab-8f72-ffa1c97bd664_031.jpg', 0),
(308, 30, 'e1586ec9-ef88-4e78-ad63-75e333e1dcf7_032.jpg', 0),
(309, 30, '26932944-8beb-4383-85cc-219acaa86976_033.jpg', 0),
(310, 30, '51bc7ccd-2b7b-4153-8628-5ee931530bf0_034.jpg', 0),
(311, 30, '29b241d4-e375-49d5-95bb-5d1e0312cd96_035.jpg', 0),
(312, 30, '034a8d10-700f-4614-a327-232c2eb4db6c_036.jpg', 0),
(313, 30, '0f2aae86-b51e-4d06-845a-543f398dc610_037.jpg', 0),
(314, 30, 'f84ead2a-bb4c-4003-83ed-181ec331fdee_038.jpg', 0),
(315, 30, '6e43a507-d930-4955-a9ca-fc0a4afa5186_039.jpg', 0),
(316, 30, 'fbc945d3-a441-4029-a385-29d797ea3d12_040.jpg', 0),
(317, 30, '74e15983-5bc5-4450-b50e-013dd9fdcdc9_041.jpg', 0),
(318, 30, '386f439f-9776-46b8-90b4-68b4088ebde2_042.jpg', 0),
(319, 30, 'a5387bc3-ac59-4a35-aa2d-50c0f2fd1cc0_043.jpg', 0),
(320, 30, 'bb365b31-5939-4384-9978-58ef5000babe_044.jpg', 0),
(321, 30, '7336842a-7edf-4c61-b213-3b3b5de73281_045.jpg', 0),
(322, 30, 'd760bef2-5460-45d5-85a4-d8548fd64b69_046.jpg', 0),
(323, 30, 'f549f439-1862-4ced-b59a-385910ec3ddc_047.jpg', 0),
(324, 30, 'b4964f43-6f3a-4e4a-ba4d-9cc161cb9421_048.jpg', 0),
(325, 30, 'd4ea08f3-ee6d-4dbc-9c34-539a835f74fd_049.jpg', 0),
(326, 30, '63b52932-8ec1-4b07-91f1-44d3fdad3854_050.jpg', 0),
(327, 30, '51942be3-eaa7-44ef-9e81-b870f439f14b_051.jpg', 0),
(328, 30, 'e727c4d4-a913-4b60-8983-8239c1500967_052.jpg', 0),
(329, 31, 'c18f25d5-5cce-4c34-947b-141d6fd969cc_003.jpg', 0),
(330, 31, 'fcbbbbd6-b91c-4dd8-904d-815e2c82ad8e_004.jpg', 0),
(331, 31, '3a8316fc-809c-4b61-9a0a-5a0a60e3ee9c_005.jpg', 0),
(332, 31, '4d39a750-afa5-40cf-9535-55e63b713358_006.jpg', 0),
(333, 31, '97c752bd-bbec-4752-a13a-5e453ed46257_007.jpg', 0),
(334, 31, '10cccf63-8e56-43da-81c9-58dc9c87ca9b_008.jpg', 0),
(335, 31, 'b2311ae8-c115-456b-961f-2d4ad483207c_009.jpg', 0),
(336, 31, '539d5ef4-0f96-4503-b46f-a37c9a36ce98_010.jpg', 0),
(337, 31, 'a6a231d0-ed33-46dc-9fb9-9961959860a7_011.jpg', 0),
(338, 31, 'a2408fc6-ee62-41a8-9e5c-47215c9feb32_012.jpg', 0),
(339, 31, 'e5d1e437-cbe2-4f19-9ad2-69e14aea330b_013.jpg', 0),
(340, 31, '31e8c5bc-126e-41cd-b159-4a66cfda9d88_014.jpg', 0),
(341, 31, '34d98dfc-5793-486f-8d7e-4224c1ded4ad_015.jpg', 0),
(342, 31, '3db4c7af-794a-474b-b7e7-68b6c6376519_016.jpg', 0),
(343, 31, '30e2092f-d548-4877-be10-082ad835f451_017.jpg', 0),
(344, 31, '554f79d0-017a-429d-b0bb-6885d7efe0e1_018.jpg', 0),
(345, 31, '5a92f982-8cf5-437a-9399-0d9bbec0832e_019.jpg', 0),
(346, 31, '9c8257f5-fbb8-43bb-9609-d73eeeb42cab_020.jpg', 0),
(347, 31, '25db160c-e442-4014-8346-85ddc02cb5a6_021.jpg', 0),
(348, 31, 'ca1a758b-7cb5-449d-a883-029ab68ac4bc_022.jpg', 0),
(349, 32, '15cf4346-1c40-475d-9beb-2a45c70bbc79_022.jpg', 0),
(350, 32, 'bd231ae7-c70b-46a6-81de-b3aa30056a80_023.jpg', 0),
(351, 32, 'a31540a8-6e4e-4883-aea7-afc31bac6a74_024.jpg', 0),
(352, 32, '986121c4-14b0-4e4b-ab53-cfa3edf9e447_025.jpg', 0),
(353, 32, '903cfdea-f1b2-478f-8e64-a301ee4b3649_026.jpg', 0),
(354, 32, 'ba81ddbc-bf20-4b97-bf1b-2ce9fa01cd80_027.jpg', 0),
(355, 32, '7b359df1-1610-4885-9d0f-2f84db5239fb_028.jpg', 0),
(356, 32, '787e642a-a222-43f7-83a3-b3c79273f392_029.jpg', 0),
(357, 32, 'b504d40e-3f57-45bb-a36b-6af5fcfb8cab_030.jpg', 0),
(358, 32, '2ced3603-ab2a-49b3-ae7d-a7469200ee1b_031.jpg', 0),
(359, 32, '21da85ef-96b4-40b5-8b18-393725168dda_032.jpg', 0),
(360, 32, 'd8b67da5-81af-405d-bde6-8b144858b451_033.jpg', 0),
(361, 32, '5c92d574-030a-4c73-80e7-bf8484329bea_034.jpg', 0),
(362, 32, 'e07ffd4a-a305-4d4d-bb28-1a8e2b541888_035.jpg', 0),
(363, 32, 'cef3c046-f5e2-4f23-9a9b-c59f266eddcd_036.jpg', 0),
(364, 32, 'e9499dc2-8fbe-4a62-8bec-4730991ee41b_037.jpg', 0),
(365, 32, '724acfb3-0069-4ff3-8701-6cd8905acad6_038.jpg', 0),
(366, 32, '0a0be8a4-631f-4cdc-b4dc-ff07c000284e_039.jpg', 0),
(367, 32, 'c9574028-3f7e-44e8-90dd-1e1b7ca1dc48_040.jpg', 0),
(368, 32, '440466fb-8bc2-4d19-bf73-f97f0bb31a58_041.jpg', 0),
(369, 32, 'ceba75fe-1b53-48a9-988c-f876e527641d_042.jpg', 0),
(370, 32, '7427145c-6f7d-42fe-892a-c55fbc209e23_043.jpg', 0),
(371, 32, '4daac459-2510-4b15-8a6a-44b99ee74d58_044.jpg', 0),
(372, 32, '3b9b86ab-2a1c-41c9-859b-eda15075630f_045.jpg', 0),
(373, 32, '274434bf-74a2-44ce-9d1f-0284f7e2e3f7_046.jpg', 0),
(374, 32, '2419c56e-7fe2-4582-80d7-87533e77f140_047.jpg', 0),
(375, 32, 'c057be5f-d245-4c60-a37d-975ca5b5e625_48.jpg', 0),
(376, 32, 'a6ef733a-f465-46b8-ace8-cd7fce792a3b_49.jpg', 0),
(377, 32, 'a1ec4bd5-8a7d-470e-a882-36c58828fabd_092.jpg', 0),
(378, 32, 'f9434734-2ba4-43c0-bb54-9ca948e38de5_094.jpg', 0),
(379, 33, '3bb24a7f-c1f3-4567-97a6-f45228ae35cb_002-7c1922a.jpg', 0),
(380, 33, 'c6f681b4-c86f-4b2e-8b78-f404397a078f_002-39691a4.jpg', 0),
(381, 33, '1bc08a7d-8458-4b79-bc7b-d5fa4191429e_003-a3f01d8.jpg', 0),
(382, 33, '41150f9f-0eb1-45a8-a1bf-e716e49c1a6e_003-c08589e.jpg', 0),
(383, 33, '6fb90114-f7ba-47f3-a924-edab7cb5ae6f_004-55a0955.jpg', 0),
(384, 33, '0bec99c3-7cad-4ac0-8ddc-b97c76a587b7_004-c1eaa90.jpg', 0),
(385, 33, 'ad87019b-1233-41b9-949a-7d799f36a234_005-84e180f.jpg', 0),
(386, 34, '12dcdbed-18bc-45dc-b4ea-538c3b117823_005-84e180f.jpg', 0),
(387, 34, '7b8571e9-0639-456e-a50e-86664327dd90_005-63442b9.jpg', 0),
(388, 34, 'e2a18295-6ade-456e-8c7d-e65348baedb9_006-1a67f2a.jpg', 0),
(389, 34, '9d56ecc9-b3af-4021-a703-de3bced5b4a4_006-43d1933.jpg', 0),
(390, 34, '333c6f07-2340-472e-ae50-70f2fac3e6ba_007-0ad4015.jpg', 0),
(391, 34, '5beee6f5-c559-42a0-811d-02f6accb1b44_007-6b5d5b5.jpg', 0),
(392, 35, '56c48f4c-2ff3-402c-bb6c-f12b52609f98_007-6b5d5b5.jpg', 0),
(393, 35, '80731900-28d0-43cb-a3e9-bd0cef0ec5f1_008-0fabdaf.jpg', 0),
(394, 35, '468d3fea-6c59-4288-8444-18294f853772_008-c634eb1.jpg', 0),
(395, 35, '850ba8dc-2aa0-44f3-ab07-c26485d60143_009-1f7afec.jpg', 0),
(396, 35, '8bd34ed7-7c77-4b34-9388-7c61f175b308_009-593f9ee.jpg', 0),
(397, 35, 'd8427c7f-741f-48ad-bc97-2ed5703bce06_010-5ccb371.jpg', 0),
(398, 36, '7363cbba-405c-4c1c-919c-89c80192c918_010-5ccb371.jpg', 0),
(399, 36, '0f736c94-8743-45a4-a8e0-5d87fef2431e_010-21f8b46.jpg', 0),
(400, 36, '71bf50d1-f41e-4d80-81c0-cf24ed290599_011-865b1b5.jpg', 0),
(401, 36, '18e97a1a-d7c8-40d5-95cf-a9635f491224_012-55b7743.jpg', 0),
(402, 36, 'aed28bba-c6fe-4784-8dfd-8980c361f991_013-7128ccb.jpg', 0),
(403, 38, 'd5a9cc2e-df0d-4e4b-8218-0ff6e4bafa0b_013-7128ccb.jpg', 0),
(404, 38, '1b62a785-77bc-4049-91f4-7d0fd596c52d_014-cde2bfd.jpg', 0),
(405, 38, 'b2eea47f-c0f6-4589-8339-320b6bd0f9ba_015-bed1403.jpg', 0),
(406, 38, 'fb258ab0-d5ca-4e64-ba66-6ea99a905dd7_016-b1fecc3.jpg', 0),
(407, 38, 'fb4bfe59-032a-425c-9175-2cd9642b2455_017-e65f48d.jpg', 0),
(408, 39, '1e25420f-a293-446c-9471-e45b2d4744cb_017-e65f48d.jpg', 0),
(409, 39, '46079f04-bc9a-432b-894d-9086e300ccee_018-f5d6078.jpg', 0),
(410, 39, '0d4f3362-602f-424d-aeff-1f1b1afb70c3_019-dbd5723.jpg', 0),
(411, 39, '3bd3bb0b-f007-4916-9440-7f85c3e3ed08_020-599b403.jpg', 0),
(412, 39, '44ca4b82-760b-4b76-b7ab-78653528d92d_021-dd9e878.jpg', 0),
(413, 39, 'a040b997-01c5-4c21-ac4b-c40866a137d8_022-ca19a41.jpg', 0),
(414, 39, '98a076eb-405d-4d53-bcdc-fc33d2bdc66d_023-e621531.jpg', 0),
(415, 40, 'b985c2a6-46a1-4541-a2d7-df0eceb58b18_013-7128ccb.jpg', 0),
(416, 40, 'bd72ba30-777c-4aa4-b298-dba2e5475eec_014-cde2bfd.jpg', 0),
(417, 40, '529b7822-5cb6-4b01-8c58-e29d447e305c_015-bed1403.jpg', 0),
(418, 40, '5f1a8c52-dcac-459d-930a-bc31a5cbe45e_016-b1fecc3.jpg', 0),
(419, 40, '58b84f90-ef6a-4cd6-8930-c53c2429b356_017-e65f48d.jpg', 0),
(420, 41, '6e9f59c7-b0ed-4a25-a879-9d77eedac143_017-e65f48d.jpg', 0),
(421, 41, '93c01fa9-4d07-4e9c-abf6-5815b22ced77_018-f5d6078.jpg', 0),
(422, 41, '72884662-9a21-4b5f-a358-8b0724d17342_019-dbd5723.jpg', 0),
(423, 41, 'dc0e14f5-df1d-4a9d-9e22-f27e825002e7_020-599b403.jpg', 0),
(424, 41, '675afffa-f937-44e2-9d4c-7279e3c84d01_021-dd9e878.jpg', 0),
(425, 41, '7889a999-5819-42a4-83ce-7c689a72e238_022-ca19a41.jpg', 0),
(426, 41, '42fc1a21-c5e0-485d-9396-70ae8b26a0f4_023-e621531.jpg', 0),
(427, 42, '3dcfb612-68e6-4c88-90ca-993d7ca92844_017-e65f48d.jpg', 0),
(434, 43, '3c12a78c-5bd6-48c1-8c7c-e4056034691d_001.jpg', 0),
(435, 43, '7cdd859b-52ac-4c77-93ab-99b7b3a730e0_002.jpg', 0),
(436, 43, 'aebdfc36-5cb9-4a27-9677-e41013847890_003.jpg', 0),
(437, 43, '8f001e67-8802-44fc-a178-adb545c9ad44_004.jpg', 0),
(438, 43, '733056d1-3d80-48ae-bf75-8ebc5f7c894a_005.jpg', 0),
(439, 43, '18c91d25-6bd0-414c-861b-203770758e9a_006.jpg', 0),
(440, 44, '4cd1e2f2-50df-4525-acb6-8006f49fd324_006.jpg', 0),
(441, 44, 'b47c6024-810f-4fe8-b734-ac821bb4ed52_007.jpg', 0),
(442, 44, '73751fdd-10ea-43aa-89c4-60472ff5c52f_008.jpg', 0),
(443, 44, '7a374cd5-9f8c-435a-b8d3-319d62c5a7cf_009.jpg', 0),
(444, 44, '2eae7171-a779-45a6-b80c-434fed65e907_010.jpg', 0),
(445, 44, '1ecb0ffa-2aa2-463a-bc0f-02dc246498fd_011.jpg', 0),
(446, 44, '896c318c-c3ef-4a82-b550-82bd8071a883_012.jpg', 0),
(447, 45, '4fd70e0c-b3d8-4353-ad70-8399ff78472c_012.jpg', 0),
(448, 45, 'c92ca6fe-6d20-4aef-bdb3-cf7f3b9055ea_013.jpg', 0),
(449, 45, '621cc181-227d-456a-8766-2e25720134c8_014.jpg', 0),
(450, 45, '8d14b620-e5a5-4cde-875c-6c144a62684c_015.jpg', 0),
(451, 45, '10682500-c628-40cd-92e1-93c80eab64ec_016.jpg', 0),
(452, 46, '4e76c844-3e70-4863-bc58-00664b7cb793_016.jpg', 0),
(453, 46, '30fc5c05-5fec-4bb0-ace6-be77356a6b08_017.jpg', 0),
(454, 46, '325a0432-816e-427d-99f0-49f5e9cf949d_018.jpg', 0),
(455, 46, '04acca70-4580-4753-aaa0-4c18f3350541_019.jpg', 0),
(456, 46, 'cae5091d-1788-4b25-af1c-002fa98cd1b2_020.jpg', 0),
(457, 47, 'a2fd0ff6-4c79-4708-9ea0-4a5495886890_020.jpg', 0),
(458, 47, '906c98c6-a63b-4840-bb4d-31bf65909479_021.jpg', 0),
(459, 47, '021e167a-7e5c-4763-b695-fee0e62564e6_022.jpg', 0),
(460, 47, 'bb45414a-6b39-414c-8eb5-9d856189c14a_023.jpg', 0),
(461, 48, '63b23ef1-05f0-4d06-aa4e-7fbbd05a528c_023.jpg', 0),
(462, 48, '4436d081-e195-4754-8988-20204000f541_024.jpg', 0),
(463, 48, '8f509a53-53fb-4e88-b55a-74e550da40b5_025.jpg', 0),
(464, 48, '6c0e840e-90d1-4b0e-8f84-3f9661e348c6_026.jpg', 0),
(465, 48, '82ff1f06-69a4-4a0a-942a-14c5e6ed39cf_027.jpg', 0),
(466, 49, '9453ace8-a6ef-4d55-9048-e9853a5bf669_027.jpg', 0),
(467, 49, 'b3714959-95ef-41e3-8042-4d9eab6b0489_028.jpg', 0),
(468, 49, '32e7f0f4-9a8f-4fb3-a113-78030731a20e_029.jpg', 0),
(469, 49, '8dfdc799-329f-4ab5-aa7d-b1d985d33bda_030.jpg', 0),
(470, 50, '3476c9e0-3f9f-41b3-8b0e-ecccde995994_030.jpg', 0),
(471, 50, 'ad1165cc-54f8-4f11-8c09-8580c756dd23_031.jpg', 0),
(472, 50, 'a182fb76-b023-4ff0-b89d-b423fbc1a5d1_032.jpg', 0),
(473, 50, '60770c8b-fdb7-40d7-9b59-0817b91d61b3_033.jpg', 0),
(474, 50, '7e5e1c63-2820-4ee1-8cc6-8b78ee56144c_034.jpg', 0),
(475, 51, '188a1952-1eee-4d41-8fb2-5b26d7d686c6_034.jpg', 0),
(476, 51, '5155a4e0-f91d-4028-8dd4-7ed205d822ff_035.jpg', 0),
(477, 51, 'c59abd08-81c8-4a37-912d-d3fac1e7a61f_036.jpg', 0),
(478, 51, 'e0115b9a-4910-4486-b848-282fd16a16ad_037.jpg', 0),
(479, 51, 'e67d0ecb-fc26-4ae7-9448-b976d7cfd897_038.jpg', 0),
(480, 51, '6a067080-a8e1-4d5b-8a4d-37c1915d02f6_039.jpg', 0),
(481, 51, '8f106421-0012-4805-88df-4f54912db5d7_040.jpg', 0),
(482, 52, 'd28dca85-63ef-4331-9095-9176cac641ed_040.jpg', 0),
(483, 52, 'a6a4e731-e4be-4aeb-acfb-2ca355949f79_041.jpg', 0),
(484, 52, '438eab78-6a07-412a-b110-ae243fab7b08_042.jpg', 0),
(485, 52, 'e94e4097-36d3-47b5-a8aa-b97070620cfe_043.jpg', 0),
(486, 52, 'bb9830aa-53fa-451a-babd-96fce32fde29_044.jpg', 0),
(487, 52, '106baaf0-a400-41be-8f04-462c14feebe6_045.jpg', 0),
(488, 52, '14dc5969-95a7-4b80-aba1-fdab3057cf31_046.jpg', 0),
(489, 52, '06955a1b-0532-4eed-b86b-d040a58c1e19_047.jpg', 0),
(490, 53, '59abe933-9433-4135-9aae-4745c00848d6_002-4b89651.jpg', 0),
(491, 53, '8b274f28-c466-4708-8c6a-e83c900630c2_003-d9ab5e0.jpg', 0),
(492, 53, '27031f1d-b992-4793-b6b6-d00e8fdd26cd_004-b83c8a7.jpg', 0),
(493, 53, 'b45264e2-1c3d-4268-9699-035579aa7fc1_005-29ad4af.jpg', 0),
(494, 53, '0d38ac1e-c935-410c-89ad-68e3df3e80a5_006-d6499d3.jpg', 0),
(495, 53, 'a0c18b1e-1bec-4988-81d4-f5d67f066654_007-71293c6.jpg', 0),
(496, 53, 'd75df10b-8d60-40f4-ad66-3e2ee5df2e24_008-fbd5995.jpg', 0),
(497, 53, '5df5553d-3be0-4fff-9099-fe43ac64b48f_009-89d1192.jpg', 0),
(498, 54, '5f8e7b01-0845-46c0-bd10-bd8a1f0e2b68_009-89d1192.jpg', 0),
(499, 54, '96b72d6c-15f5-434d-b3ca-2cac60aa86f7_010-0fc1e40.jpg', 0),
(500, 54, 'b3a0d54e-ee42-4864-8b73-d5f98067d46f_011-6c6c031.jpg', 0),
(501, 54, '5a84435c-1c9f-406f-8822-3ca38337d545_012-0095f63.jpg', 0),
(502, 54, '8a3b3f72-30a1-4086-a541-d578262e0929_013-3cdffca (1).jpg', 0),
(503, 54, 'c1af1ce4-c1c4-4ec1-8a4b-ab6514dc888f_013-3cdffca.jpg', 0),
(504, 55, '3a0c3905-14f3-48cc-868c-14828adc0479_013-3cdffca.jpg', 0),
(505, 55, '50438e42-accd-47b3-a225-4475a41f9333_015-7f28b66.jpg', 0),
(506, 55, 'fa125d2c-ee1c-4511-9c4d-598cd9d04103_016-d674494.jpg', 0),
(507, 55, '4daad9af-0c75-4fb8-88ac-c542dac8ac18_017-66c6e5b.jpg', 0),
(508, 55, 'c8e66a8c-b87e-45ee-b948-2a3b49583222_018-f175ec6.jpg', 0),
(509, 55, '759d1a40-5503-485a-9f54-0016b4315f58_019-ebab75c.jpg', 0),
(510, 55, '02fcbeef-3eae-4dd4-aac6-2ef56e37b772_020-fff7aaa.jpg', 0),
(511, 56, 'f6ec1f31-71d3-4f96-8f4f-2624fc06c473_020-fff7aaa.jpg', 0),
(512, 56, '2bb20207-e906-4d6d-a8bb-dcf6ba49c0b4_021-b316ed0.jpg', 0),
(513, 56, '2639b257-24b9-4ad3-9003-306e7ad8be7d_022-cf47bb4.jpg', 0),
(514, 56, 'c5447208-1788-40be-bbf3-6fad4c9d2cb2_023-52b6f64.jpg', 0),
(515, 56, 'c68e7515-dd6d-4874-b3ed-f4d8ac747400_024-b1afc01.jpg', 0),
(516, 56, '28fbd223-7b2d-47ee-bc9a-9086ae499e3e_025-6470493.jpg', 0),
(517, 57, '761daf36-87c4-46dc-b8a1-e63ade304322_025-6470493.jpg', 0),
(518, 57, '6edb8b8f-4167-479c-adef-029b87006166_026-1679a5f.jpg', 0),
(519, 57, 'adaa561c-4c48-4010-bd7d-a27cdc11d2fc_027-d806cd5.jpg', 0),
(520, 57, 'd755668b-98de-457a-a99e-5e9a886e8f03_028-8c27a79.jpg', 0),
(521, 57, '3979524c-d8c7-4e47-a62c-4a5595996cf0_029-fa0e031.jpg', 0),
(522, 57, 'a5bba6cf-1dde-4dd0-b2c8-fece724cea7f_030-d1109d7.jpg', 0),
(523, 58, '90bc9244-d17e-429e-87e3-4255621d5c3b_030-d1109d7.jpg', 0),
(524, 58, '7589a8d3-a46a-414f-9d6a-c9c7d27bbfc2_031-64ce329.jpg', 0),
(525, 58, 'b409ab3b-bdc2-4ac9-8cb7-55c8b33b936a_032-4bc6336.jpg', 0),
(526, 58, 'f28daa7d-40ef-4242-80e3-aba9dd31c037_033-62dbbc3.jpg', 0),
(527, 58, '0209dd5a-02b6-4a3f-a631-3a4830eb09cd_034-9186d5a.jpg', 0),
(528, 59, '0c0f1543-9745-4963-bdb3-c8cc41bbb239_034-9186d5a.jpg', 0),
(529, 59, '92cff45e-a171-4d64-9dde-bcb9a47d7e79_035-b05bc88.jpg', 0),
(530, 59, 'd0820cf1-aabe-43af-b6ea-438478b6d21c_036-b721a2d.jpg', 0),
(531, 59, '30780ff9-369e-434d-a339-73b681f0b5eb_037-c4920d9.jpg', 0),
(532, 59, '527b80ef-f15a-421f-b354-56aab56b85e0_038-f6ed964.jpg', 0),
(533, 60, '85f26bc1-a7af-4b8a-9d36-1e7b88f813bf_038-f6ed964.jpg', 0),
(534, 60, 'c2df8f4d-2942-4a45-b2a2-bfaf096972c9_038-f6ed964.jpg', 0),
(535, 60, '1d75c483-9e8e-41c1-9441-dd094693ed53_039-ea31406.jpg', 0),
(536, 60, '76efaf66-c555-44bd-8ecd-ab3d73ba864c_040-4da0280.jpg', 0),
(537, 60, '4caed071-c877-42eb-af9f-8b6890321c82_041-ca8f277.jpg', 0),
(538, 61, '99952f85-d4df-4d15-b084-7206a9c6d017_041-ca8f277.jpg', 0),
(539, 61, '3d3acace-18e7-4f49-b0c7-7ded831b4dc6_042-e3c5b21.jpg', 0),
(540, 61, 'ba0da003-dcbf-47d4-9507-d216b398a99a_043-0e6043f.jpg', 0),
(541, 61, '9bb90345-f3fc-403e-8f4a-4ce7954c6156_044-8d79bb3.jpg', 0),
(542, 61, 'ab42a889-1377-4b81-9b45-1c72dbe89321_045-9d6201f.jpg', 0),
(543, 61, 'af09f207-473a-4f08-865a-8eda4c1a90a4_046-fe8faf5.jpg', 0),
(544, 61, 'af0a2d82-84ae-43a1-a0c6-76c58a706491_047-9c5a10c.jpg', 0),
(545, 61, '42bfb9ba-23d6-41e7-90ee-df53c3696c40_048-dda2b58.jpg', 0),
(546, 61, 'b6fee624-5108-416e-a6cb-428dc4e3ee5b_049-4f573ac.jpg', 0),
(547, 62, 'a15fbe07-9025-4429-b417-d79cbb6ca1bd_049-4f573ac.jpg', 0),
(548, 62, '504404e9-7082-4db9-b8db-06614c2ffcfe_050-794e194.jpg', 0),
(549, 62, '0474c41c-0c97-45f6-935d-afc9f7932fe5_051-a9b9d9b.jpg', 0),
(550, 62, '1287b409-3733-4e43-9f08-d2d1621059aa_053-6ca1fa3.jpg', 0),
(551, 62, 'af485360-39e1-4153-a9c9-1e715a7481e4_055-e0d39b0.jpg', 0),
(552, 62, '1ecafbd9-3393-4668-b881-6f21c9a20550_056-c6d2c48.jpg', 0),
(553, 62, 'b7198d1b-0f36-4e7a-b13f-205e8c90332e_057-0235cc3.jpg', 0),
(554, 62, '7b6c194b-c628-493b-944c-722f08826ae1_058-0a2c5dd.jpg', 0),
(555, 62, '29d00e60-f26c-48e3-89ec-4599d500adc4_059-4a3a425.jpg', 0),
(556, 62, '6c7b8523-316f-450a-9049-a16345115333_061-563a609.jpg', 0),
(557, 63, '2e5bd010-5745-41ad-b5c6-e85d01632f7f_003-14676f7.jpg', 0),
(558, 63, '2ef07fa3-7ec0-4783-bf02-b3e1189a937b_004-cf51d1d.jpg', 0),
(559, 63, 'b12b8876-e18e-4cbd-8c39-b0a8575a456d_005-321faf6.jpg', 0),
(560, 63, '3bb2ba86-d86b-440b-a20f-7f810311f7e5_006-67f8745.jpg', 0),
(561, 63, 'a3c0ccbc-f163-455e-a205-c0e49863bf84_007-0442204.jpg', 0),
(562, 63, '1b09f117-66ff-4b30-8a78-6381e1d1e9e8_008-3bce84a.jpg', 0),
(563, 64, '3c500391-6aca-4db1-8e48-63c9d4eaddf9_008-3bce84a.jpg', 0),
(564, 64, '1bb05f8a-fc13-41f7-8741-a674ac7e7a83_009-613776a.jpg', 0),
(565, 64, 'd3a7141b-9650-4f03-bde0-64148be50dce_010-c17fc82.jpg', 0),
(566, 64, '98a925fc-1459-40c6-b2aa-6620007b187b_011-063a7e2.jpg', 0),
(567, 64, '68b5919a-9f6e-43e5-9c9a-92128fd17c36_012-76214be.jpg', 0),
(568, 65, 'fd2392e4-0994-4ed0-8b17-0ab1dcd4c887_012-76214be.jpg', 0),
(569, 65, '8d3befae-f163-4f4d-be17-97154f6c01bc_013-4929fae.jpg', 0),
(570, 65, 'a1fbdc44-5877-497e-8130-791cb203b56a_014-b6181ba.jpg', 0),
(571, 66, '25f562d2-1461-4101-a1ec-a0d921c60d28_014-b6181ba.jpg', 0),
(572, 66, 'b1679711-b7b3-4459-b8b8-3a6f92aed516_015-a7bd5b2.jpg', 0),
(573, 66, '179173cf-60bc-4c7a-8da5-d6047d9d1b9e_016-74e4c29.jpg', 0),
(574, 66, 'f40f81dd-e6dc-49c0-9074-5a3787da298c_017-cfba0f8.jpg', 0),
(575, 67, '403ce592-e570-4f44-be10-0a51cac6e967_017-cfba0f8.jpg', 0),
(576, 67, '61699887-417a-440a-9807-a3e9b9bff072_018-e73c9ae.jpg', 0),
(577, 67, 'ab0a4680-274e-46ee-a538-4cf90b103e97_019-629a3f1.jpg', 0),
(578, 67, 'c3ebe28a-222c-4239-99aa-2c0d73741525_020-2993690.jpg', 0),
(579, 67, '6557fe92-41e3-43b3-be15-12ba02c5dc2d_21.jpg', 0),
(580, 68, 'f1265b42-8f3d-4758-bd42-45cc3387a6fc_21.jpg', 0),
(581, 68, '485f1351-2fe2-4f0b-9f0e-28ea29291a75_22.jpg', 0),
(582, 68, '33498cf7-4273-4b3c-b99c-e1267b8a38bd_23.jpg', 0),
(583, 68, '04b138c0-ffec-4e56-9eb2-26ed0e6664b7_24.jpg', 0),
(584, 68, '6a2032ce-9a81-4222-a498-82447bb19869_25.jpg', 0),
(585, 69, 'f1a9d222-3dec-4d21-b25f-8b889f391dc3_25.jpg', 0),
(586, 69, '4882c510-f7c7-4750-98bc-f15e727706a0_26.jpg', 0),
(587, 69, '0c8bf6de-003c-4c88-8bf2-1605e60f0fda_27.jpg', 0),
(588, 69, 'fe8f9e88-44a5-4f43-be7d-5369415c7942_28.jpg', 0),
(589, 70, '4d9083cf-43a0-47eb-ad5e-98faf7202101_28.jpg', 0),
(590, 70, '6ec18dad-f1e6-4f40-9959-7b75bebd5577_29.jpg', 0),
(591, 70, 'dafba5b8-f150-40cc-9637-f0699e37c886_30.jpg', 0),
(592, 70, '46076199-9b1e-41f1-88ff-4224ee6b45fb_31.jpg', 0),
(593, 70, 'cc03180e-f09d-425f-b77b-1ed35e6ba5fc_32.jpg', 0),
(594, 71, '576a2204-acd6-47b3-9d64-3918a3074798_32.jpg', 0),
(595, 71, 'fe18e760-0616-488e-86ae-682532dba4cf_33.jpg', 0),
(596, 71, '5a0087fa-803b-4058-ac60-a8c9f00fc09c_34.jpg', 0),
(597, 71, '226de4c0-9b29-441b-be90-87778e0347d4_35.jpg', 0),
(598, 71, '55e7ad43-3485-45c3-9c82-7a57f70a9795_36.jpg', 0),
(599, 71, '6bfc33b4-5ede-4b39-b1e0-03dc68fcd68f_37.jpg', 0),
(600, 71, '7d3b2854-5c6f-4b65-9125-51dadeaf253a_38.jpg', 0),
(601, 71, 'a00d33ae-0844-4dc3-a8fa-d1e030cc4581_39.jpg', 0),
(602, 71, '2414bb42-82e0-42f5-a615-7aeb26edee30_40.jpg', 0),
(603, 72, '3f3234d9-89f7-4da4-ba72-385a2a3f5df7_41.jpg', 0),
(604, 72, 'fb4b7980-a309-4cd4-9cc0-0b677b3794f0_42.jpg', 0),
(605, 72, '6e1f249c-630c-4f59-a1f0-75d3671cb080_43.jpg', 0),
(606, 72, 'f3c0f72b-14aa-4992-bd2b-eccff773e0a1_44.jpg', 0),
(607, 72, 'e87b609d-b8a5-46ce-9c6b-119605e1f9fd_45.jpg', 0),
(608, 72, '4aa20366-73d3-4994-a965-9a8ccf1dd1b4_46.jpg', 0),
(609, 72, 'ca22e5be-26ad-4bad-8940-0894ed3ba6d4_47.jpg', 0),
(610, 72, '9493437e-59bf-4a90-8799-d6bc9a1d7f05_48.jpg', 0),
(611, 72, 'abe88b8f-c507-4dc9-9842-3e0517816387_49.jpg', 0),
(612, 72, 'd6108e4f-10d0-42d0-a42e-f3ea1be2b06f_50.jpg', 0),
(613, 73, '87c34d86-5c9e-477a-84d8-117b8baa7b66_1.jpg', 0),
(614, 73, 'fd64ed13-9814-4d99-a90b-4b8c74c016a0_2.jpg', 0),
(615, 73, 'cdff57a4-1e1c-4adc-8c06-a2290465f765_3.jpg', 0),
(616, 73, 'ff04665a-9408-4f9e-988f-b4aabd9c783a_4.jpg', 0),
(617, 74, 'aeac9227-8c3d-4dc4-a5c6-db6f2488b6c0_4.jpg', 0),
(618, 74, '16db34fb-6f22-4085-921f-02f189abfad0_5.jpg', 0),
(619, 75, '848ea924-44f8-44f1-bf6a-cb6ac03abb80_5.jpg', 0),
(620, 75, 'df4ee503-8f15-4456-8213-a34ae8328fb5_6.jpg', 0),
(621, 76, '43e7c23b-a945-486f-aead-3415967808ee_6.jpg', 0),
(622, 76, '2ecacd38-803b-4df2-b6ce-580f489bebe2_7.jpg', 0),
(623, 77, 'eff8cc20-a2e7-41f3-af05-83d6f0448842_7.jpg', 0),
(624, 77, '4a32f0d9-11a3-43a3-abb2-fc23401d8230_8.jpg', 0),
(625, 78, 'c2f69b61-4ef2-475b-bd1d-1442792303ec_8.jpg', 0),
(626, 78, '09d80ae3-4c7f-4d42-b32e-03c90eacd3f1_9.jpg', 0),
(627, 79, '70dbdce1-bbdc-40c5-bfcc-9c97d9e3e7ca_9.jpg', 0),
(628, 79, 'c3caf867-f76f-4ed7-b081-8100cac5baf9_10.jpg', 0),
(629, 80, 'bd323738-4f39-4b22-9866-b35e31aace9f_10.jpg', 0),
(630, 80, '7fd89290-4bd3-4074-a46e-7d5d2a582313_11.jpg', 0),
(631, 81, 'b4a882f2-6446-4bfd-b8b2-9708fba4ff95_11.jpg', 0),
(632, 81, 'b2f5bfb6-5b65-4833-86e7-64d7011fba3b_12.jpg', 0),
(633, 81, 'f4cf049a-316a-42e1-97cd-a24763d5e36b_13.jpg', 0),
(634, 81, '0a4e2adc-c701-4dca-aa5c-f2398d6a8349_14.jpg', 0),
(635, 81, '19a4a957-277a-4388-9810-e6b44b6d2bf8_15.jpg', 0),
(636, 82, '33de20d3-933b-4ec8-bee4-2eb633a0947c_15.jpg', 0),
(637, 82, '5bb7db14-ab98-4c45-a038-84a05d268d73_16.jpg', 0),
(638, 82, '19f4b9fd-7965-45ad-a17f-9baf97ad809f_17.jpg', 0),
(639, 82, 'd7d87a1c-0844-411f-896b-757302404ded_18.jpg', 0),
(640, 82, '9d78f84c-d8e5-42e9-be57-625cf2f1654e_19.jpg', 0),
(641, 82, '3dbc345e-672d-43e2-bf9c-5f24cafe02f4_20.jpg', 0),
(642, 83, 'a0512803-fcfa-4a71-86b3-92a2115a8131_img_002_1645875650.jpg', 0),
(643, 83, 'bf5f495a-8970-4295-a558-0c9b31a3e9f0_img_003_1645875652.jpg', 0),
(644, 83, '07eb2e89-e87e-4384-b250-037665dec616_img_004_1645875655.jpg', 0),
(645, 83, 'a00b4fbf-e25e-43d0-9287-dcc2d57855ab_img_005_1645875656.jpg', 0),
(646, 83, 'f29c3420-e1cf-4faf-aa13-9e1bf60d85a6_img_005_1645875656.jpg', 0),
(647, 83, 'bc7b6997-8369-49fe-b43b-cdb670724e37_img_006_1645875658.jpg', 0),
(648, 84, '8931c82c-0c1c-4c98-8561-fff49d6498a2_img_006_1645875658.jpg', 0),
(649, 84, '411ba253-5e77-4aba-89ce-18d6e53f14c0_img_007_1645875659.jpg', 0),
(650, 84, 'fb614f74-05bb-4f52-90e5-5179561d22c8_img_008_1645875660.jpg', 0),
(651, 84, 'b1c82359-122b-4cb8-9742-22c781ffcfc6_img_009_1645875663.jpg', 0),
(652, 85, 'e64f5874-e1f2-4c28-9591-130da4d92493_img_009_1645875663.jpg', 0),
(653, 86, '095ee00f-1dc4-47f5-bbae-ac4677317003_img_009_1645875663.jpg', 0),
(654, 86, 'f118d2e9-b508-4ed0-8e83-742568c14ccd_img_010_1645875664.jpg', 0),
(655, 87, 'e26c85cd-752e-4245-84f7-7ec996ab6615_img_010_1645875664.jpg', 0),
(656, 87, 'cf612f6a-bc1a-46f4-88ac-9b9bcb8e353d_img_011_1645875666.jpg', 0),
(657, 87, '3db3fca1-9ab9-4845-b5de-42daab69ed33_img_012_1645875667.jpg', 0),
(658, 87, '48a135a5-f277-4a71-b0ed-6cf395e6bd8a_img_014_1645875670.jpg', 0),
(659, 88, '542e05e5-9240-473f-86ec-90ac34c5afe7_img_014_1645875670.jpg', 0),
(660, 88, 'd16c5e4a-7c08-46bf-bc7a-6b3150922375_img_015_1645875671.jpg', 0),
(661, 89, '73c9c3e6-50ef-4e12-939c-56fbf5aba64d_img_015_1645875671.jpg', 0),
(662, 89, '6ab7f2e4-7432-4707-b49d-ab49905413b8_img_016_1645875672.jpg', 0),
(663, 90, '7152bde0-fdc9-4f31-883c-57507a1c3359_img_016_1645875672.jpg', 0),
(664, 90, '82ad3fea-caee-4d2a-9cad-9545b544db5c_img_018_1645875675.jpg', 0),
(665, 90, '4731cb30-f78a-401a-81f9-791d9a91b43a_img_019_1645875677.jpg', 0),
(666, 91, '625579f0-f6ee-4580-a7f9-e5ecf61097ab_img_020_1645875678.jpg', 0),
(667, 91, '9f77f66b-2857-4356-906c-c7b26f4de317_img_021_1645875679.jpg', 0),
(668, 91, '112af677-8948-4ce0-9fd6-98f59075b320_img_022_1645875681.jpg', 0),
(669, 91, 'e06cd2b0-52e8-4012-88fa-aa3ecbc3b5fe_img_023_1645875683.jpg', 0),
(670, 91, 'bbb457c1-b8f5-43e2-a51d-cb5b29a76b44_img_024_1645875684.jpg', 0),
(671, 91, '640cf0cc-74d3-4cf2-8dcb-c4acc140d4ba_img_025_1645875686.jpg', 0),
(672, 91, 'bc9e8a1e-4562-49d5-bfc2-0b2aaec15344_img_026_1645875687.jpg', 0),
(673, 91, '19593913-204a-4b2b-b0cc-603b94ee21b9_img_027_1645875689.jpg', 0),
(674, 92, 'c8be3b39-e1e2-4035-a35e-2fc29c872206_img_027_1645875689.jpg', 0),
(675, 92, '5c52addb-7e2c-4cd3-be09-c6ade4ad2e60_img_028_1645875690.jpg', 0),
(676, 92, '98110b2b-b8e2-45f3-90d9-05c60827c8a3_img_029_1645875692.jpg', 0),
(677, 92, '21e8dc05-e56d-4875-9d45-d849e5cc99b4_img_030_1645875694.jpg', 0),
(678, 92, '4a0cffce-5b59-456b-8b82-1436451053bf_img_031_1645875696.jpg', 0),
(679, 92, '2262d46f-1f4d-472f-8f24-b410e8d59a6a_img_033_1645875699.jpg', 0),
(680, 92, '39aca3a2-9883-4c5b-9d47-9c04c8261a0d_img_034_1645875700.jpg', 0),
(681, 92, 'b9cb4ee4-4407-432b-b788-431213d25a63_img_035_1645875702.jpg', 0),
(682, 92, 'b489060d-7b95-4724-b555-5af78ddd8e86_img_036_1645875704.jpg', 0),
(683, 92, 'c3c9c589-1cca-4e0a-9863-6afba435e73b_img_037_1645875705.jpg', 0),
(684, 92, 'f89c543b-8934-4a79-a9b0-97be5151fec9_img_038_1645875707.jpg', 0),
(685, 92, '3113e3dc-bc6e-4133-9f4d-c89f281b1ee8_img_039_1645875709.jpg', 0),
(686, 92, '314c7058-6028-4eda-a2d0-775c3132236c_img_040_1645875711.jpg', 0),
(687, 92, 'c13cf9cd-0b8e-4d06-ade8-2f7ee341ef72_thay-ma.jpg', 0),
(688, 93, 'c3e2969e-3360-4a7a-b491-b3fd402bda15_003-fix.jpg', 0),
(689, 93, '1612319d-8172-4be0-8c83-a38e02ab93ec_004-fix.jpg', 0),
(690, 93, 'f380a8b2-0b2c-4bae-a3b1-9460eb17a3f3_005-fix.jpg', 0),
(691, 93, '229ba484-592d-4a87-ab1e-888eaff74dec_006-fix.jpg', 0),
(692, 93, '65a10ff2-6048-4859-b433-8df747f9edb4_008-fix.jpg', 0),
(693, 93, '34146659-e9e6-4b38-8269-cf19513a33d7_009-fix.jpg', 0),
(694, 94, '34fe9f6d-69c4-4c79-9121-e3d6cb573072_009-fix.jpg', 0),
(695, 94, '53cd975e-e946-4dfa-97af-755c34320475_010-fix.jpg', 0),
(696, 94, '9e7bd218-a1f5-400b-85fb-f97a4698a8f4_011-fix.jpg', 0),
(697, 94, 'e8be751f-ab01-43fe-ab55-8a2be9112a71_012-fix.jpg', 0),
(698, 95, 'c9eed721-78f2-494c-a7f0-0d31a087c32e_012-fix.jpg', 0),
(699, 95, '27eaecb3-2658-4871-a3d0-70876a0d2e04_014-fix.jpg', 0),
(700, 95, '658e119f-6087-43d9-a334-ae66248540a9_015-fix.jpg', 0),
(701, 96, '9334e8f0-9ece-4a14-a70a-3fa61732a198_015-fix.jpg', 0),
(702, 96, '8302d4d6-91df-4057-9fb0-b3376f054ac4_017-fix.jpg', 0),
(703, 96, 'a6249939-d0ed-44b3-9046-cdb2b787032f_018-fix.jpg', 0),
(704, 97, '00eabced-99a8-45ee-8e50-2aa6805162b4_018-fix.jpg', 0),
(705, 97, '18837922-eb0e-4c7a-bac6-d9171402963b_019-fix.jpg', 0),
(706, 97, 'aca755ec-e82a-4a78-a78d-06d8312d88dc_020-fix.jpg', 0),
(707, 97, '7c6a90ae-4f97-45cc-bb3b-070eb06dca6f_021-fix.jpg', 0),
(708, 98, 'd1c348ea-fe3b-482e-8339-c8dd5dadba3f_021-fix.jpg', 0),
(709, 98, '749e32cb-c106-477c-a7ca-bc857782d250_022-fix.jpg', 0),
(710, 98, '28f23db7-95ed-4a8e-9f9c-b97dd0d0e895_024-fix.jpg', 0),
(711, 98, '5b6e495d-8d83-430d-bbe1-c99be7c47dff_025-fix.jpg', 0),
(712, 99, '01f0c998-5df3-429f-9f0b-31b45304fbd0_026-fix.jpg', 0),
(713, 100, '37e3d72a-107d-4a12-bcde-28543581bf59_026-fix.jpg', 0),
(714, 101, '8ee0135c-0857-4b41-bd10-4c269ad43f7a_026-fix.jpg', 0),
(715, 101, '9ee13080-c170-4a7d-b686-93c62acfc8e1_027-fix.jpg', 0),
(716, 101, '87fa2ae5-a5fb-43f1-87c3-1dcb3e8a58a0_028-fix.jpg', 0),
(717, 102, 'a85007d8-b496-4d00-bd04-49676edda33e_028-fix.jpg', 0),
(718, 102, 'f293b645-9812-46ef-88a0-a5fa771e5169_029-fix.jpg', 0),
(719, 102, '6472309b-4115-4e73-84a1-795346bfd77b_030-fix.jpg', 0),
(720, 102, '85f2dff2-e380-41ec-b2e2-f54a4bd45d92_031-fix.jpg', 0),
(721, 102, '12cd26e5-42b1-445e-b032-e14e336acc8a_032-fix.jpg', 0),
(722, 102, '0598ddad-978e-4fcd-a275-439453313ab8_033-fix.jpg', 0),
(723, 102, 'f2c77904-3caa-40fd-8bab-520d22240eb2_034-fix.jpg', 0),
(724, 102, 'aa5574b7-b701-4365-a32a-0f4278376786_035-fix.jpg', 0),
(725, 102, 'be357534-89f5-48cd-b5fd-4c2bb87a6a1e_036-fix.jpg', 0),
(726, 102, 'b2c507ee-eba7-4b66-94df-be6b83291606_037-fix.jpg', 0),
(727, 102, 'c83052b4-9b66-4971-9419-460adaf85647_038-fix.jpg', 0),
(728, 102, '9cedde15-6b85-4b1e-90b8-8ef639c73111_039-fix.jpg', 0),
(729, 102, '63e68bc6-b497-4f8a-9627-b5257e411c68_040-fix.jpg', 0),
(730, 103, 'b26bf2aa-d8ec-4ef5-8454-72708b2c13ac_012-fix.jpg', 0),
(731, 103, '629be210-25b0-42f9-9323-3814fc8d7158_013-fix.jpg', 0),
(732, 103, '067601c7-ca52-4698-bbda-8af8348746f9_014-fix.jpg', 0),
(733, 104, '5d6eecd0-c812-4295-8c61-4d8b8ab086be_015-fix.jpg', 0),
(734, 104, '24b0bcc5-12da-43e8-b57f-2b3d7b19b08c_016-fix.jpg', 0),
(735, 104, 'deea58ed-94a8-4c53-9148-ded268353078_017-fix.jpg', 0),
(736, 105, '55b4c2d5-f5f9-47cf-b6fd-e89507e425f4_018-fix.jpg', 0),
(737, 105, '5931473f-66f8-4887-8750-43cf9cdcc619_019-fix.jpg', 0),
(738, 105, 'af875358-9b63-4022-bed1-958c970143d3_020-fix.jpg', 0),
(739, 105, 'ab8c4157-a980-4847-8d59-ad2808f3d5b2_021-fix.jpg', 0),
(740, 106, '1eda3127-fd32-424c-b151-be938a99f03c_021-fix.jpg', 0),
(741, 106, '90528392-dc56-4db4-9a10-14301013f0e1_022-fix.jpg', 0),
(742, 106, '35711715-648f-4c79-87da-8aba8a297fc5_023-fix.jpg', 0),
(743, 106, '55e7663a-8475-426b-8058-60827dfc56a2_024-fix.jpg', 0),
(744, 106, 'd3f5d2c6-78b0-4163-a6d6-efcca184320d_025-fix.jpg', 0),
(745, 107, '47c66d71-cd90-4b5e-9596-631428e37672_025-fix.jpg', 0),
(746, 107, '4fb67447-caaa-4746-9f84-7a75a5851f92_026-fix.jpg', 0),
(747, 107, '92453ef8-4e36-4c11-bd21-8c34f8867934_027-fix.jpg', 0),
(748, 108, 'b8281a08-d729-4650-ac2c-6344658505fc_027-fix.jpg', 0),
(749, 108, '65151208-868e-429a-be8b-d1e674802512_028-fix.jpg', 0),
(750, 108, '705ba102-58f3-4ecb-b116-fd33c5b2f915_029-fix.jpg', 0),
(751, 108, '74c1dc27-205f-4a6b-af35-911918064371_030-fix.jpg', 0),
(752, 109, 'c35d5179-04c3-4a3f-89ec-94293af64711_031-fix.jpg', 0),
(753, 109, '50764dae-27d6-4166-85a6-234026654778_032-fix.jpg', 0),
(754, 109, '1be16b2c-86df-4a82-a1aa-4163bd6e2fc2_033-fix.jpg', 0),
(755, 109, '181129bd-6143-4284-9301-07ddaec4a391_034-fix.jpg', 0),
(756, 109, '7a77b6fc-42b9-46b3-991c-850a2974dc5b_035-fix.jpg', 0),
(757, 109, '14884213-efaf-428e-b72a-fc3c094a62d5_036-fix.jpg', 0),
(758, 109, 'be6180f5-9556-4453-8815-911519671d77_037-fix.jpg', 0),
(759, 109, '9fb13c52-fc88-4cfd-995f-9b29e3aa03ce_038-fix.jpg', 0),
(760, 109, '2058bbd1-fd4f-4682-9158-f4af92adc7fd_039-fix.jpg', 0),
(761, 109, '948b9bfa-defc-434e-a466-db6ffefaf487_040-fix.jpg', 0),
(762, 110, 'ea33ed46-0899-42d2-a458-3d419dd7b132_002-72a3d39.jpg', 0),
(763, 110, '5caf84b3-7e80-4e3d-812e-75ce757f0e52_003-0a432e4.jpg', 0),
(764, 110, 'c68ed11f-5553-4c64-8917-7c84406cee19_004-4402be4.jpg', 0),
(765, 110, 'c1c04577-c42f-4c74-9794-bf6f106328f3_006-92bf57d.jpg', 0),
(766, 110, 'edca1000-a1b3-438d-9d7c-76c9164bdf7b_007-b9008e7.jpg', 0),
(767, 110, '70282a7b-b553-4cf3-86e0-5cc5d5ad86ce_008-b080343.jpg', 0),
(768, 111, 'cfeced4b-fef9-4ddb-b3e7-c02a646f4945_008-b080343.jpg', 0),
(769, 111, '8b0220d2-96d8-401b-8864-7fc872b5ff39_009-a2d2894.jpg', 0),
(770, 111, 'f75a1ea5-70e1-45c2-acb2-4fcf04187dbc_010-265b416.jpg', 0),
(771, 111, '1af08ff6-0bf7-47f4-a800-ae4ab41030c7_011-26f7343.jpg', 0),
(772, 111, 'f1408a59-242c-4436-9220-8873feaf0811_012-082f745.jpg', 0),
(773, 111, '539d288e-5947-4500-86ab-5ffd87259360_013-7cea59c.jpg', 0),
(774, 112, 'd32abfdf-cabc-4116-a98b-d8182e4e7dd4_013-7cea59c.jpg', 0),
(775, 112, '4dc9c606-9ec8-47d1-b9d6-908a602c2f83_014-c2dd546.jpg', 0),
(776, 112, '6bcd11e6-6dac-45a8-b0a4-58291e1e6a19_015-94c703c.jpg', 0),
(777, 112, '6f153897-dcac-478e-9bbe-db2c02f3a81d_016-42591a4.jpg', 0),
(778, 113, '732ab127-847c-40bb-ac45-3f1d40cfd893_016-42591a4.jpg', 0),
(779, 113, '793525e4-2245-41b6-98df-789b53b6f4f1_017-997768c.jpg', 0),
(780, 113, '7f9461a4-ab9f-4950-80a4-3273377cb468_018-c4bf8d2.jpg', 0),
(781, 113, 'b26aa398-66c5-495a-9106-ba85b02934ff_019-35529ba.jpg', 0),
(782, 114, '6bdf0ee3-6e4b-4108-ae98-fc03ee60f296_019-35529ba.jpg', 0),
(783, 114, '56bf8ba3-ca44-4a0f-a757-d30737200d1d_020-2034086.jpg', 0),
(784, 114, 'b31d8303-2ff6-431a-b2b8-472065aa0878_021-66b8fd4.jpg', 0),
(785, 115, 'a5cb2956-7aeb-496b-9681-09f05a445b75_021-66b8fd4.jpg', 0),
(786, 115, 'd065c122-62f9-44a5-9949-ab08377f4deb_022-e6e68d9.jpg', 0),
(787, 116, '0fdab9c8-d838-4c70-9819-c547bc106647_022-e6e68d9.jpg', 0),
(788, 116, 'f8024f00-cdc4-487a-8e20-79f584f68ac0_023-1f671a9.jpg', 0),
(789, 116, '88f552f7-d3ca-4189-82ed-950038d33030_024-8a2efda.jpg', 0),
(790, 117, '3ed596e4-36ea-451e-93c9-c21df4b0efe0_024-8a2efda.jpg', 0),
(791, 117, '0480dc17-dedc-4c14-9ef6-048878173081_025-38a0f95.jpg', 0),
(792, 118, 'd10b7d8b-c260-4018-982a-a9c103521471_025-38a0f95.jpg', 0),
(793, 118, '82efa15c-0b06-4ab6-8ab2-a19e60cb47b4_026-b3bda56.jpg', 0),
(794, 118, 'ec530c79-0d4f-4974-8961-bcf00ab90f96_027-612caa6.jpg', 0),
(795, 118, '16d32e3a-5206-42c2-ab31-14d82bcc036f_028-6ee6ab8.jpg', 0),
(796, 118, 'ebbaa3e8-2f3a-4d88-b144-aaea2596f495_029-5a11173.jpg', 0),
(797, 118, 'ae161b68-7d83-4594-bc01-547b52f568de_030-0eabccb.jpg', 0),
(798, 118, '2ef2a5d5-45ca-4667-a802-8160ee337a43_031-6390618.jpg', 0),
(799, 118, '25687a53-587b-45b8-813f-dc8c728b4bb8_032-f2fbebe.jpg', 0),
(800, 118, '420c8214-7179-4c9d-b06c-a215b020f7f7_033-b2f4e50.jpg', 0),
(801, 119, 'e9eb5703-305f-438e-891f-6983c3fdf200_033-b2f4e50.jpg', 0),
(802, 119, 'd9a8641d-a381-4ed6-8e5a-47ff46b6aca9_034-12ec4a3.jpg', 0),
(803, 119, '23934037-07bc-43ee-85f4-c1edc8967599_035-12a82d5.jpg', 0),
(804, 119, 'ec4a3fd2-855c-4c42-a7f0-3304d6ccc7fb_036-6da0fd3.jpg', 0),
(805, 119, '57386bed-feaa-48c3-8d17-eb2cfc7fb0f4_037-12ff028.jpg', 0),
(806, 119, '87dcf1d0-1328-41c0-b5c3-1b3709d00635_038-190c33d.jpg', 0),
(807, 119, '7c18d70e-2a4e-4f23-a5af-f978c34d5fad_039-91d381a.jpg', 0),
(808, 119, 'c7b5296f-bbe7-4b08-afe9-4aea07a7bea1_040-c2d2e13.jpg', 0),
(809, 119, 'f7c35b1e-3c3f-42f8-b221-5e696c24341e_041-3efddc7.jpg', 0),
(810, 119, 'b06f40d4-c52e-4e3d-a8ce-93de6f0a3603_042-2407b6f.jpg', 0),
(811, 119, '35a03af8-8574-41d1-bb37-cb8a369db56f_043-353a67f.jpg', 0),
(812, 119, 'ae2c60c5-6f12-4ea5-b736-8005bd18f956_044-d50d228.jpg', 0),
(813, 119, 'f77c9a7c-a31e-45c3-b468-e3170b00853a_046-12cf032.jpg', 0),
(814, 119, 'b890b297-4731-4174-81c5-832ec56d27ca_047-02ad480.jpg', 0),
(815, 120, '4c8effe6-bcf5-4874-a0ce-2dc8a4348c37_001-fix (1).jpg', 0);
INSERT INTO `chapter_images` (`chapter_image_id`, `chapter_id`, `image_path`, `is_deleted`) VALUES
(816, 120, '4da5399a-e460-4470-989b-6c1008459b07_002-fix.jpg', 0),
(817, 120, '85e97d65-4eb2-42cc-a436-d32d5657f47a_003-fix.jpg', 0),
(818, 120, '33d0eab2-1227-4865-a825-c1ed6cbaf72f_004-fix.jpg', 0),
(819, 120, '0d767941-6b0d-4d4f-a988-2e2605a18f35_005-fix.jpg', 0),
(820, 120, '77143ecb-d939-4340-b695-9f1eccdccd5b_006-fix.jpg', 0),
(821, 120, '61421cb6-41c8-4a38-8a6e-dcd653b47251_007-fix.jpg', 0),
(822, 121, 'c5ba351f-d215-4612-9af9-48a865aeb0c8_007-fix.jpg', 0),
(823, 121, '0ee31bb1-ab70-4580-96aa-42cffe1e377d_008-fix.jpg', 0),
(824, 121, 'b4f4e45a-b97a-4f2b-81bc-b470f8b1bb0f_009-fix.jpg', 0),
(825, 121, '28a8c169-d8aa-4dcd-8324-2f197228dd3f_010-fix.jpg', 0),
(826, 121, 'ad88c6f9-f00c-453f-8e23-bf558a175d79_011-fix.jpg', 0),
(827, 121, '1f6ceba0-1e20-49be-8aad-4564ff97f297_012-fix.jpg', 0),
(828, 122, '3c6c59b9-d3e2-4994-9c95-d8517eee4714_012-fix.jpg', 0),
(829, 122, 'f2961cf0-3684-4958-abfc-28df2afa0b3d_013-fix.jpg', 0),
(830, 122, '6e3ab754-045f-490d-8099-c828d2e3fbc9_014-fix.jpg', 0),
(831, 124, '0cb052dd-ddd1-41d3-86e2-bbe7bae61e50_015-fix.jpg', 0),
(832, 124, '100a9c50-985b-4ab5-846a-45b4e861a83d_016-fix.jpg', 0),
(833, 124, '6fc179af-2c40-44cd-a1b6-73b42304c4b4_017-fix.jpg', 0),
(834, 125, '55555aa5-4378-4410-8694-3fb0d387efe2_017-fix.jpg', 0),
(835, 125, 'b94c118e-791c-451a-abc0-97fbe865c6e9_018-fix.jpg', 0),
(836, 125, '34fdeb2d-bd35-4acc-a5d4-4a18794b47f5_019-fix.jpg', 0),
(837, 125, '7642e630-7524-4e04-ac05-74469693dde2_020-fix.jpg', 0),
(838, 125, '21c45010-d19a-4bfe-bc85-894dc060afe8_21.jpg', 0),
(839, 126, '0d56ec1d-bd40-4fad-8ad6-677bcf9aaa5c_22.jpg', 0),
(840, 126, '292209dc-df4d-48f1-9540-27c3c85b349a_23.jpg', 0),
(841, 126, 'd351fa1b-d370-4339-82c0-2722207d7e67_24.jpg', 0),
(842, 126, '20941868-e4f4-44e4-b542-9983c931ac26_25.jpg', 0),
(843, 126, '81ceddf5-a1b6-4d0d-a959-0529d5920eaa_26.jpg', 0),
(844, 126, '16075407-b3a0-407d-8186-c1ba34b30149_27.jpg', 0),
(845, 126, '356ca37f-1c1b-4c59-91ee-535a6fe3c045_28.jpg', 0),
(846, 126, '0f3f9b84-e158-4c72-bacc-e64e4a971d9a_29.jpg', 0),
(847, 126, '1d321def-0358-44a4-a8ce-2f744d953318_30.jpg', 0),
(848, 127, '1131f55b-95ce-4785-9fcc-3d3a282302cc_002-fix (1).jpg', 0),
(849, 127, 'a64f6ba7-919b-4661-a45d-913c8303284b_003-fix.jpg', 0),
(850, 127, '467ca9a3-6cc7-4a27-801a-52dede0ed881_004-fix.jpg', 0),
(851, 127, 'd7206c01-7b8c-493a-9cb3-2c91335ae437_005-fix.jpg', 0),
(852, 128, '012fde4d-504e-4f0b-a5ea-82d467b033ad_005-fix.jpg', 0),
(853, 128, '5a230b8c-3417-41d8-9ff1-a40396303c9a_006-fix.jpg', 0),
(854, 128, '5b7bdedf-37ce-4f2f-a5c0-0f27d78c1967_007-fix.jpg', 0),
(855, 129, '2dff80a8-2ba8-4e1f-aa84-70eb5c2d1444_007-fix.jpg', 0),
(856, 129, '606d082f-368b-4006-842c-d3c0db496331_008-fix.jpg', 0),
(857, 130, '10743fe5-0d4e-4108-8ef9-79449ba9503a_008-fix.jpg', 0),
(858, 130, '3b52ebe8-2838-43f3-a540-0d5b11eeb9d3_9.jpg', 0),
(859, 131, 'f732bb0d-1175-41dd-9a9c-b70296e951ea_9.jpg', 0),
(860, 131, '3f86220f-1359-4e2d-90d7-0cab2568b735_10.jpg', 0),
(861, 132, 'cdf48440-dd32-486a-b931-6c69e9b9182c_11.jpg', 0),
(862, 132, '6d526087-7f0b-42ff-83e5-10c60a689878_12.jpg', 0),
(863, 133, '1b124d01-0047-44c4-8693-6a93f2c39dbd_12.jpg', 0),
(864, 133, 'fa6b9e30-668e-4c06-89c8-aa082fe2653a_13.jpg', 0),
(865, 134, '2eb8d170-653c-4f62-8202-7d9bb56c5bb5_14.jpg', 0),
(866, 134, '25309c58-1e6b-49a7-8018-dba04379ad0a_15.jpg', 0);

-- --------------------------------------------------------

--
-- Cấu trúc bảng cho bảng `comics`
--

CREATE TABLE `comics` (
  `comic_id` int(11) NOT NULL,
  `title` varchar(255) DEFAULT NULL,
  `cover_image` varchar(255) DEFAULT NULL,
  `description` text DEFAULT NULL,
  `view_count` int(11) DEFAULT NULL,
  `follow_count` int(11) DEFAULT NULL,
  `rating` decimal(5,2) DEFAULT NULL,
  `status` varchar(50) DEFAULT NULL,
  `is_deleted` tinyint(1) NOT NULL DEFAULT 0
) ENGINE=InnoDB DEFAULT CHARSET=utf8mb4 COLLATE=utf8mb4_general_ci;

--
-- Đang đổ dữ liệu cho bảng `comics`
--

INSERT INTO `comics` (`comic_id`, `title`, `cover_image`, `description`, `view_count`, `follow_count`, `rating`, `status`, `is_deleted`) VALUES
(8, 'ĐẠI QUẢN GIA LÀ MA HOÀNG', 'd209a9c3-3d12-4ebe-8feb-6d90d6665cc6_dai-quan-gia-la-ma-hoang-904.jpg', 'Truyện tranh Đại Quản Gia Là Ma Hoàng được dịch sang tiếng việt sớm nhất và hoàn chỉnh nhất trên ', 8080, 534, 5.00, 'ONGOING', 0),
(9, 'TA TRỜI SINH ĐÃ LÀ NHÂN VẬT PHẢN DIỆN', 'bfe3e493-5a42-4c2d-8907-10575277882b_ta-troi-sinh-da-la-nhan-vat-phan-dien-7242.jpg', 'Cố Trường Ca xuyên không trở thành nhân vật phản diện, làm thiếu chủ một trường sinh thế gia, hắn phải đối mặt với đủ loại motip nhân vật chính: khí vận chi tử quật khởi; tiểu muội muội phiên bản tuổi nhỏ của Hoang Thiên đế có thâm thù đại hận với hắn; vị hôn thê xuyên không từ 3000 năm sau về trả thù; truyền nhân của Cổ Thiên Tôn, cường giả trọng sinh đoạt xá sống lại; ', 9026, 944, 5.00, 'ONGOING', 0),
(10, '3 KIẾP XUI XẺO, KIẾP NÀY CÙNG TA THẦN KINH', '97e364a0-3c46-417f-9fc4-e8579d2c2ab9_3-kiep-xui-xeo-kiep-nay-cung-ta-than-kin-3382.jpg', 'Chào mọi người, ta là Lạc Nhân Ấu, là một bạn nhỏ dễ thương từ trên trời rơi xuống\nTa đã trải qua hai kiếp vừa ngắn ngủi lại vừa ngớ ngẩn, Hệ thống thương hại ta, cho ta trọng sinh một lần nữa', 10003, 1243, 4.70, 'COMPLETED', 0),
(11, 'VỤNG TRỘM KHÔNG THỂ GIẤU', 'c74383fb-7cfb-45f3-86ba-f3c4e9ff227c_vung-trom-khong-the-giau-20951.jpg', 'Năm ấy, trái tim của Tang Trĩ lặng lẽ chứa đựng một người, cô thích thầm bạn của anh trai Đoàn Gia Hứa. Người anh lớn này có một đôi mắt đào hoa tuyệt đẹp, tùy tiện gọi cô là \"nhóc con\",', 10000, 2343, 4.00, 'COMPLETED', 0),
(12, 'TA BIẾN THẾ GIỚI KINH DỊ THÀNH TRÒ CHƠI NUÔI DƯỠNG', '2f2eb157-3647-4ad8-b265-bb8a1de083f6_ta-bien-the-gioi-kinh-di-thanh-tro-choi-nuoi-duong.jpg', 'Sức mạnh thần bí ập xuống trái đất, sinh ra nền văn minh kinh dị. Khi tất cả chìm đắm trong kinh hoàng, phải giành giật từng giây sống còn, thì Tần Nặc lại phát hiện bản thân có thể đạt được phần thưởng hệ thống thông qua việc chi phối cảm xúc của lũ quỷ, và mỗi lần hoàn thành phó bản, cậu có thể gầy dựng cơ nghiệp của riêng mình trong thế giới kinh dị. Từ hầu bàn trong Nhà hàng Âm Tuyền cho đến bác sĩ điều trị của Bệnh viện Tử Thần... Khi Tần Nặc hoàn thành từng phó bản một, cậu nhận ra bản thân đã trở thành một tay cự phách nơi quỷ giới.', 10002, 2434, 4.20, 'COMPLETED', 0),
(13, 'TA ĐEM HOÀNG TỬ DƯỠNG THÀNH HẮC HÓA', '33129c2e-434b-4b14-a111-c622a9367f10_ta-dem-hoang-tu-duong-thanh-hac-hoa.jpg', 'Bạn đọc đừng quên để lại bình luận và chia sẻ, ủng hộ NetTruyen ra các chương mới nhất của truyện Ta Đem Hoàng Tử Dưỡng Thành Hắc Hóa.', 10000, 2342, 0.00, 'COMPLETED', 0),
(14, 'CHAINSAWMAN', '1271e5c7-928c-4263-813b-3e5b02e8cac8_chainsawman-phan-2.jpg', ' Bây giờ anh ta đang sống ở thành phố lớn và là một Thợ săn Quỷ chính thức. Nhưng anh ấy có rất nhiều điều để tìm hiểu về công việc mới và khả năng cưa máy của mình!', 10000, 1533, 3.00, 'COMPLETED', 0),
(15, 'THÂY MA', '02b12191-76c9-4aea-ac23-4b619bb90d37_thay-ma.jpg', 'Để Tồn Tại, Họ Sẽ Trải Nghiệm Những Gì? Đối Mặt Với Những Gì? Lựa Chọn Những Gì Để Thực Hiện? Đón Đọc Bộ Truyện Này Nhé :)', 10000, 4523, 4.00, 'COMPLETED', 0),
(16, 'CHÀO MỪNG CẬU ĐẾN TRƯỜNG IRUMA-KUN', 'd925a985-c21f-4dae-8155-281ce88fe259_chao-mung-cau-den-truong-iruma-kun.jpg', 'Mairimashita! Iruma-kun là câu chuyện kể về cậu bé Suzuki Iruma, người đã bị bố mẹ mình kí khế ước bán cho ác ma để đổi lấy tiền tài và bình an. Cậu bé Iruma đáng thương từ lúc mới biết đi (1 tuổi) đã phải \"ra xã hội\" lăn lộn, buôn ba khắp nơi với hai vị phụ huynh \"tưng tửng\" cho đến ngày một Ác Ma đến rước cậu đến Ma giới theo khế ước.', 9000, 2123, 4.00, 'COMPLETED', 0),
(17, 'CÀNG ĐÁNH CÀNG MẠNH', '43cb67ee-ad7b-42f7-8f70-57702da18416_cang-danh-cang-manh.jpg', 'Trong thế giới tương lai, dị thú xâm chiếm trái đất, nhân loại rơi vào nguy cơ bị diệt chủng. Bấy giờ, võ thuật lên ngôi, rất nhiều người có sức mạnh võ thuật đều đứng lên trấn áp dị thú', 8000, 345, 5.00, 'COMPLETED', 0),
(18, 'HƯỚNG DẪN SINH TỒN DÀNH CHO RANKER\n', '29faaaa2-d902-4bfd-bcc3-9ba0d6ce6672_huong-dan-sinh-ton-danh-cho-ranker.jpg', 'Bộ truyện tranh Hướng Dẫn Sinh Tồn Dành Cho Ranker Tiếng Việt được cập nhật sớm nhất và đầy đủ tại NetTruyen. Bạn đọc đừng quên bình luận và chia sẻ, ủng hộ NetTruyen ra các chương mới nhất của truyện Hướng Dẫn Sinh Tồn Dành Cho Ranker.', 10001, 1234, 4.80, 'ONGOING', 0),
(19, 'ĐẠI TƯỢNG VÔ HÌNH', '6b4a029c-60ac-44ca-9dc9-de57efcc3980_dai-tuong-vo-hinh.jpg', 'Nữ chính trong một lần tai nạn xe bị sinh vật bí ẩn gá vào người, sau khi tỉnh lại đến một thế giới yêu linh. Trong lúc cô ấy sợ hãi, tuyệt vọng thì xuất hiện một thiếu niên cứu cô ta về hiện thế. Thì ra thế giới này có yêu linh, sinh vật trong cơ thể cô ta là yêu linh tên \"Nhân Tiêu\", không cách nào đẩy yêu linh ra ngoài được, cùng đồng hành trên con đường trừ yêu...', 7000, 1543, 5.00, 'ONGOING', 0),
(20, 'DORAEMON ĐẠI TUYỂN TẬP FULL COLOR', 'd16af212-6c86-47c6-a340-5e2e559a886f_doraemon-dai-tuyen-tap-full-color.jpg', 'Bộ truyện tranh Doraemon Đại Tuyển Tập Full Color Tiếng Việt được cập nhật sớm nhất và đầy đủ tại NetTruyen. Bạn đọc đừng quên bình luận và chia sẻ, ủng hộ NetTruyen ra các chương mới nhất của truyện Doraemon Đại Tuyển Tập Full Color.', 8003, 3655, 5.00, 'ONGOING', 0);

-- --------------------------------------------------------

--
-- Cấu trúc bảng cho bảng `comic_genres`
--

CREATE TABLE `comic_genres` (
  `comic_id` int(11) NOT NULL,
  `genre_id` int(11) NOT NULL
) ENGINE=InnoDB DEFAULT CHARSET=utf8mb4 COLLATE=utf8mb4_general_ci;

--
-- Đang đổ dữ liệu cho bảng `comic_genres`
--

INSERT INTO `comic_genres` (`comic_id`, `genre_id`) VALUES
(8, 11),
(8, 29),
(8, 43),
(9, 29),
(9, 34),
(9, 44),
(10, 17),
(10, 35),
(10, 43),
(10, 44),
(11, 19),
(11, 29),
(11, 35),
(12, 12),
(12, 13),
(12, 14),
(12, 27),
(13, 10),
(13, 18),
(13, 21),
(13, 25),
(14, 13),
(14, 21),
(14, 22),
(14, 29),
(15, 10),
(15, 12),
(15, 28),
(16, 10),
(16, 13),
(16, 28),
(17, 10),
(17, 12),
(17, 15),
(18, 10),
(18, 14),
(18, 15),
(19, 10),
(19, 11),
(19, 25),
(19, 29),
(19, 34),
(20, 15),
(20, 22);

-- --------------------------------------------------------

--
-- Cấu trúc bảng cho bảng `comments`
--

CREATE TABLE `comments` (
  `comment_id` int(11) NOT NULL,
  `comic_id` int(11) DEFAULT NULL,
  `chapter_id` int(11) DEFAULT NULL,
  `user_id` int(11) DEFAULT NULL,
  `content` text DEFAULT NULL,
  `created_at` datetime DEFAULT NULL,
  `is_deleted` tinyint(1) NOT NULL DEFAULT 0
) ENGINE=InnoDB DEFAULT CHARSET=utf8mb4 COLLATE=utf8mb4_general_ci;

--
-- Đang đổ dữ liệu cho bảng `comments`
--

INSERT INTO `comments` (`comment_id`, `comic_id`, `chapter_id`, `user_id`, `content`, `created_at`, `is_deleted`) VALUES
(11, 8, 15, 13, '🤔🤔🤔', '2024-04-16 13:53:42', 0),
(13, 8, 15, 20, 'Hello 🥳', '2024-04-16 21:51:21', 0),
(14, 8, 16, 20, 'lucky ', '2024-04-16 22:02:24', 0),
(15, 8, 16, 23, 'hello mn', '2024-04-16 22:22:24', 0);

-- --------------------------------------------------------

--
-- Cấu trúc bảng cho bảng `genres`
--

CREATE TABLE `genres` (
  `genre_id` int(11) NOT NULL,
  `name` varchar(255) DEFAULT NULL,
  `is_deleted` tinyint(1) NOT NULL DEFAULT 0
) ENGINE=InnoDB DEFAULT CHARSET=utf8mb4 COLLATE=utf8mb4_general_ci;

--
-- Đang đổ dữ liệu cho bảng `genres`
--

INSERT INTO `genres` (`genre_id`, `name`, `is_deleted`) VALUES
(10, 'Action', 0),
(11, 'Adventure', 0),
(12, 'Adult', 0),
(13, 'Anime', 0),
(14, 'Comedy', 0),
(15, 'Comic', 0),
(16, 'Cooking', 0),
(17, 'Cổ Đại', 0),
(18, 'Doujinshi', 0),
(19, 'Drama', 0),
(20, 'Đam Mỹ', 0),
(21, 'Ecchi', 0),
(22, 'Fantaty', 0),
(23, 'Harem', 0),
(24, 'Historical', 0),
(25, 'Horror', 0),
(26, 'Josei', 0),
(27, 'Live Action', 0),
(28, 'Manga', 0),
(29, 'Manhua', 0),
(30, 'Manhwa', 0),
(31, 'Martial Arts', 0),
(32, 'Mature', 0),
(33, 'Mecha', 0),
(34, 'Mystery', 0),
(35, 'Ngôn Tình', 0),
(36, 'One Shot', 0),
(37, 'Romance', 0),
(38, 'Sci-fi', 0),
(39, 'School Life', 0),
(40, 'Shoujo Ai', 0),
(41, 'Seinen', 0),
(42, 'Sports', 0),
(43, 'Chuyển Sinh', 0),
(44, 'Xuyên Không', 0),
(45, 'Trinh Thám', 0),
(46, 'Thiếu Nhi', 0);

-- --------------------------------------------------------

--
-- Cấu trúc bảng cho bảng `users`
--

CREATE TABLE `users` (
  `user_id` int(11) NOT NULL,
  `username` varchar(255) DEFAULT NULL,
  `email` varchar(255) DEFAULT NULL,
  `password` varchar(255) DEFAULT NULL,
  `is_deleted` tinyint(1) NOT NULL DEFAULT 0,
  `avatar_path` varchar(255) DEFAULT NULL
) ENGINE=InnoDB DEFAULT CHARSET=utf8mb4 COLLATE=utf8mb4_general_ci;

--
-- Đang đổ dữ liệu cho bảng `users`
--

INSERT INTO `users` (`user_id`, `username`, `email`, `password`, `is_deleted`, `avatar_path`) VALUES
(13, 'Mạnh', 'manh@gmail.com', '8d969eef6ecad3c29a3a629280e686cf0c3f5d5a86aff3ca12020c923adc6c92', 0, '2173f868-f476-4fe5-b57a-6812f3d629c9_1000001527.jpg'),
(14, 'John', 'john@gmail.com', '8d969eef6ecad3c29a3a629280e686cf0c3f5d5a86aff3ca12020c923adc6c92', 0, NULL),
(15, 'phuongngu', 'phuongle@gmail.com', '8d969eef6ecad3c29a3a629280e686cf0c3f5d5a86aff3ca12020c923adc6c92', 0, NULL),
(16, 'mike', 'mike@gmail.com', '8d969eef6ecad3c29a3a629280e686cf0c3f5d5a86aff3ca12020c923adc6c92', 0, NULL),
(17, 'giang', 'angiang@gmail.com', '8d969eef6ecad3c29a3a629280e686cf0c3f5d5a86aff3ca12020c923adc6c92', 0, NULL),
(18, 'kiếp đỏ đen', 'haaa@gmail.com', '8d969eef6ecad3c29a3a629280e686cf0c3f5d5a86aff3ca12020c923adc6c92', 0, NULL),
(19, 'Mây', 'mae@gmail.com', '8d969eef6ecad3c29a3a629280e686cf0c3f5d5a86aff3ca12020c923adc6c92', 0, NULL),
(20, 'Thích nhìn không', 'as@gmail.com', '8d969eef6ecad3c29a3a629280e686cf0c3f5d5a86aff3ca12020c923adc6c92', 0, '57158686-6e0a-478c-9e7b-b033cfecea69_1000001093.jpg'),
(21, 'Hiếu', 'hieu@gmail.com', '8d969eef6ecad3c29a3a629280e686cf0c3f5d5a86aff3ca12020c923adc6c92', 0, '34d0b78d-6538-4329-b483-a729b897c1b3_1000001690.jpg'),
(22, 'ab', 'abc@gmail.com', '8d969eef6ecad3c29a3a629280e686cf0c3f5d5a86aff3ca12020c923adc6c92', 0, NULL),
(23, 'User1', 'user1@gmail.com', 'bcb15f821479b4d5772bd0ca866c00ad5f926e3580720659cc80d39c9d09802a', 0, '4bb6786d-d91f-4ef9-959f-72658f9d309d_1000001867.jpg');

-- --------------------------------------------------------

--
-- Cấu trúc bảng cho bảng `user_followed_comics`
--

CREATE TABLE `user_followed_comics` (
  `user_followed_comics_id` int(11) NOT NULL,
  `user_id` int(11) DEFAULT NULL,
  `comic_id` int(11) DEFAULT NULL,
  `is_deleted` tinyint(1) NOT NULL DEFAULT 0
) ENGINE=InnoDB DEFAULT CHARSET=utf8mb4 COLLATE=utf8mb4_general_ci;

--
-- Đang đổ dữ liệu cho bảng `user_followed_comics`
--

INSERT INTO `user_followed_comics` (`user_followed_comics_id`, `user_id`, `comic_id`, `is_deleted`) VALUES
(11, 13, 8, 0),
(12, 13, 20, 0),
(13, 23, 8, 0),
(14, 23, 9, 0);

-- --------------------------------------------------------

--
-- Cấu trúc bảng cho bảng `user_reading_history`
--

CREATE TABLE `user_reading_history` (
  `user_reading_history_id` int(11) NOT NULL,
  `user_id` int(11) DEFAULT NULL,
  `comic_id` int(11) DEFAULT NULL,
  `chapter_id` int(11) DEFAULT NULL,
  `timestamp` timestamp NOT NULL DEFAULT current_timestamp() ON UPDATE current_timestamp(),
  `is_deleted` tinyint(1) NOT NULL DEFAULT 0
) ENGINE=InnoDB DEFAULT CHARSET=utf8mb4 COLLATE=utf8mb4_general_ci;

--
-- Đang đổ dữ liệu cho bảng `user_reading_history`
--

INSERT INTO `user_reading_history` (`user_reading_history_id`, `user_id`, `comic_id`, `chapter_id`, `timestamp`, `is_deleted`) VALUES
(11, 13, 9, 25, '2024-04-16 07:34:37', 0),
(12, 13, 8, 15, '2024-04-16 06:53:11', 0),
(14, 13, 8, 16, '2024-04-16 06:52:59', 0),
(15, 13, 9, 23, '2024-04-16 07:33:33', 0),
(16, 13, 9, 24, '2024-04-16 07:34:35', 0),
(17, 13, 9, 26, '2024-04-16 07:34:39', 0),
(18, 13, 9, 27, '2024-04-16 07:34:40', 0),
(19, 13, 9, 28, '2024-04-16 07:34:41', 0),
(20, 21, 8, 15, '2024-04-16 07:40:01', 0),
(21, 20, 8, 15, '2024-04-17 11:22:13', 0),
(22, 20, 8, 16, '2024-04-16 15:02:32', 0),
(23, 20, 8, 17, '2024-04-16 15:01:47', 0),
(24, 23, 8, 15, '2024-04-16 15:22:06', 0),
(25, 23, 8, 16, '2024-04-16 15:22:34', 0),
(26, 23, 9, 24, '2024-04-16 15:23:07', 0);

-- --------------------------------------------------------

--
-- Cấu trúc bảng cho bảng `view_count_statistics`
--

CREATE TABLE `view_count_statistics` (
  `view_id` int(11) NOT NULL,
  `comic_id` int(11) DEFAULT NULL,
  `view_date` date DEFAULT NULL,
  `view_count` int(11) DEFAULT NULL
) ENGINE=InnoDB DEFAULT CHARSET=utf8mb4 COLLATE=utf8mb4_general_ci;

--
-- Đang đổ dữ liệu cho bảng `view_count_statistics`
--

INSERT INTO `view_count_statistics` (`view_id`, `comic_id`, `view_date`, `view_count`) VALUES
(9, 9, '2024-04-01', 100),
(10, 8, '2024-04-10', 465),
(11, 9, '2024-04-02', 1001),
(12, 9, '2024-04-03', 268),
(13, 8, '2024-04-01', 150),
(14, 8, '2024-04-02', 200),
(15, 8, '2024-04-03', 180),
(16, 8, '2024-04-04', 220),
(17, 8, '2024-04-05', 250),
(18, 8, '2024-04-06', 300),
(19, 8, '2024-04-07', 280),
(20, 8, '2024-04-08', 320),
(21, 8, '2024-04-09', 310),
(22, 8, '2024-04-10', 330),
(23, 9, '2024-04-04', 240),
(24, 9, '2024-04-05', 280),
(25, 9, '2024-04-06', 320),
(26, 9, '2024-04-13', 300),
(27, 9, '2024-04-14', 340),
(28, 9, '2024-04-15', 330),
(29, 9, '2024-04-16', 368),
(30, 10, '2024-04-01', 200),
(31, 10, '2024-04-02', 240),
(32, 10, '2024-04-03', 220),
(33, 10, '2024-04-04', 260),
(34, 10, '2024-04-05', 300),
(35, 10, '2024-04-06', 340),
(36, 10, '2024-04-07', 320),
(37, 10, '2024-04-08', 360),
(38, 10, '2024-04-09', 350),
(39, 10, '2024-04-15', 370),
(40, 11, '2024-04-01', 220),
(41, 11, '2024-04-02', 260),
(42, 11, '2024-04-03', 240),
(43, 11, '2024-04-04', 280),
(44, 11, '2024-04-05', 320),
(45, 11, '2024-04-06', 360),
(46, 11, '2024-04-07', 340),
(47, 11, '2024-04-08', 380),
(48, 11, '2024-04-09', 370),
(49, 11, '2024-04-10', 390),
(50, 12, '2024-04-01', 240),
(51, 12, '2024-04-02', 280),
(52, 12, '2024-04-03', 260),
(53, 12, '2024-04-04', 300),
(54, 12, '2024-04-05', 340),
(55, 12, '2024-04-06', 380),
(56, 12, '2024-04-07', 360),
(57, 12, '2024-04-08', 400),
(58, 12, '2024-04-09', 390),
(59, 12, '2024-04-10', 410),
(60, 13, '2024-04-01', 260),
(61, 13, '2024-04-02', 300),
(62, 13, '2024-04-03', 280),
(63, 13, '2024-04-04', 320),
(64, 13, '2024-04-05', 360),
(65, 13, '2024-04-06', 400),
(66, 13, '2024-04-07', 380),
(67, 13, '2024-04-08', 420),
(68, 13, '2024-04-09', 410),
(69, 13, '2024-04-10', 430),
(70, 14, '2024-04-01', 280),
(71, 14, '2024-04-02', 320),
(72, 14, '2024-04-03', 300),
(73, 14, '2024-04-04', 340),
(74, 14, '2024-04-05', 380),
(75, 14, '2024-04-06', 420),
(76, 14, '2024-04-07', 400),
(77, 14, '2024-04-08', 440),
(78, 14, '2024-04-09', 430),
(79, 14, '2024-04-10', 450),
(80, 15, '2024-04-01', 300),
(81, 15, '2024-04-02', 340),
(82, 15, '2024-04-03', 320),
(83, 15, '2024-04-04', 360),
(84, 15, '2024-04-05', 400),
(85, 15, '2024-04-06', 440),
(86, 15, '2024-04-07', 420),
(87, 15, '2024-04-08', 460),
(88, 15, '2024-04-09', 450),
(89, 15, '2024-04-10', 470),
(90, 8, '2024-04-16', 71),
(91, 12, '2024-04-16', 1),
(92, 20, '2024-04-16', 3),
(93, 12, '2024-04-17', 1),
(94, 18, '2024-04-17', 1),
(95, 8, '2024-04-17', 8),
(96, 9, '2024-04-17', 6);

--
-- Chỉ mục cho các bảng đã đổ
--

--
-- Chỉ mục cho bảng `chapters`
--
ALTER TABLE `chapters`
  ADD PRIMARY KEY (`chapter_id`),
  ADD KEY `comic_id` (`comic_id`);

--
-- Chỉ mục cho bảng `chapter_images`
--
ALTER TABLE `chapter_images`
  ADD PRIMARY KEY (`chapter_image_id`),
  ADD KEY `chapter_id` (`chapter_id`);

--
-- Chỉ mục cho bảng `comics`
--
ALTER TABLE `comics`
  ADD PRIMARY KEY (`comic_id`),
  ADD UNIQUE KEY `title` (`title`);

--
-- Chỉ mục cho bảng `comic_genres`
--
ALTER TABLE `comic_genres`
  ADD PRIMARY KEY (`comic_id`,`genre_id`),
  ADD KEY `genre_id` (`genre_id`);

--
-- Chỉ mục cho bảng `comments`
--
ALTER TABLE `comments`
  ADD PRIMARY KEY (`comment_id`),
  ADD KEY `comic_id` (`comic_id`),
  ADD KEY `chapter_id` (`chapter_id`),
  ADD KEY `user_id` (`user_id`);

--
-- Chỉ mục cho bảng `genres`
--
ALTER TABLE `genres`
  ADD PRIMARY KEY (`genre_id`);

--
-- Chỉ mục cho bảng `users`
--
ALTER TABLE `users`
  ADD PRIMARY KEY (`user_id`);

--
-- Chỉ mục cho bảng `user_followed_comics`
--
ALTER TABLE `user_followed_comics`
  ADD PRIMARY KEY (`user_followed_comics_id`),
  ADD KEY `user_id` (`user_id`),
  ADD KEY `comic_id` (`comic_id`);

--
-- Chỉ mục cho bảng `user_reading_history`
--
ALTER TABLE `user_reading_history`
  ADD PRIMARY KEY (`user_reading_history_id`),
  ADD KEY `user_id` (`user_id`),
  ADD KEY `comic_id` (`comic_id`),
  ADD KEY `chapter_id` (`chapter_id`);

--
-- Chỉ mục cho bảng `view_count_statistics`
--
ALTER TABLE `view_count_statistics`
  ADD PRIMARY KEY (`view_id`),
  ADD KEY `fk_story_id` (`comic_id`);

--
-- AUTO_INCREMENT cho các bảng đã đổ
--

--
-- AUTO_INCREMENT cho bảng `chapters`
--
ALTER TABLE `chapters`
  MODIFY `chapter_id` int(11) NOT NULL AUTO_INCREMENT, AUTO_INCREMENT=135;

--
-- AUTO_INCREMENT cho bảng `chapter_images`
--
ALTER TABLE `chapter_images`
  MODIFY `chapter_image_id` int(11) NOT NULL AUTO_INCREMENT, AUTO_INCREMENT=867;

--
-- AUTO_INCREMENT cho bảng `comics`
--
ALTER TABLE `comics`
  MODIFY `comic_id` int(11) NOT NULL AUTO_INCREMENT, AUTO_INCREMENT=21;

--
-- AUTO_INCREMENT cho bảng `comments`
--
ALTER TABLE `comments`
  MODIFY `comment_id` int(11) NOT NULL AUTO_INCREMENT, AUTO_INCREMENT=16;

--
-- AUTO_INCREMENT cho bảng `genres`
--
ALTER TABLE `genres`
  MODIFY `genre_id` int(11) NOT NULL AUTO_INCREMENT, AUTO_INCREMENT=47;

--
-- AUTO_INCREMENT cho bảng `users`
--
ALTER TABLE `users`
  MODIFY `user_id` int(11) NOT NULL AUTO_INCREMENT, AUTO_INCREMENT=24;

--
-- AUTO_INCREMENT cho bảng `user_followed_comics`
--
ALTER TABLE `user_followed_comics`
  MODIFY `user_followed_comics_id` int(11) NOT NULL AUTO_INCREMENT, AUTO_INCREMENT=15;

--
-- AUTO_INCREMENT cho bảng `user_reading_history`
--
ALTER TABLE `user_reading_history`
  MODIFY `user_reading_history_id` int(11) NOT NULL AUTO_INCREMENT, AUTO_INCREMENT=27;

--
-- AUTO_INCREMENT cho bảng `view_count_statistics`
--
ALTER TABLE `view_count_statistics`
  MODIFY `view_id` int(11) NOT NULL AUTO_INCREMENT, AUTO_INCREMENT=97;

--
-- Các ràng buộc cho các bảng đã đổ
--

--
-- Các ràng buộc cho bảng `chapters`
--
ALTER TABLE `chapters`
  ADD CONSTRAINT `chapters_ibfk_1` FOREIGN KEY (`comic_id`) REFERENCES `comics` (`comic_id`);

--
-- Các ràng buộc cho bảng `chapter_images`
--
ALTER TABLE `chapter_images`
  ADD CONSTRAINT `chapter_images_ibfk_1` FOREIGN KEY (`chapter_id`) REFERENCES `chapters` (`chapter_id`);

--
-- Các ràng buộc cho bảng `comic_genres`
--
ALTER TABLE `comic_genres`
  ADD CONSTRAINT `comic_genres_ibfk_1` FOREIGN KEY (`comic_id`) REFERENCES `comics` (`comic_id`),
  ADD CONSTRAINT `comic_genres_ibfk_2` FOREIGN KEY (`genre_id`) REFERENCES `genres` (`genre_id`);

--
-- Các ràng buộc cho bảng `comments`
--
ALTER TABLE `comments`
  ADD CONSTRAINT `comments_ibfk_1` FOREIGN KEY (`comic_id`) REFERENCES `comics` (`comic_id`),
  ADD CONSTRAINT `comments_ibfk_2` FOREIGN KEY (`chapter_id`) REFERENCES `chapters` (`chapter_id`),
  ADD CONSTRAINT `comments_ibfk_3` FOREIGN KEY (`user_id`) REFERENCES `users` (`user_id`);

--
-- Các ràng buộc cho bảng `user_followed_comics`
--
ALTER TABLE `user_followed_comics`
  ADD CONSTRAINT `user_followed_comics_ibfk_1` FOREIGN KEY (`user_id`) REFERENCES `users` (`user_id`),
  ADD CONSTRAINT `user_followed_comics_ibfk_2` FOREIGN KEY (`comic_id`) REFERENCES `comics` (`comic_id`);

--
-- Các ràng buộc cho bảng `user_reading_history`
--
ALTER TABLE `user_reading_history`
  ADD CONSTRAINT `user_reading_history_ibfk_1` FOREIGN KEY (`user_id`) REFERENCES `users` (`user_id`),
  ADD CONSTRAINT `user_reading_history_ibfk_2` FOREIGN KEY (`comic_id`) REFERENCES `comics` (`comic_id`),
  ADD CONSTRAINT `user_reading_history_ibfk_3` FOREIGN KEY (`chapter_id`) REFERENCES `chapters` (`chapter_id`);

--
-- Các ràng buộc cho bảng `view_count_statistics`
--
ALTER TABLE `view_count_statistics`
  ADD CONSTRAINT `fk_story_id` FOREIGN KEY (`comic_id`) REFERENCES `comics` (`comic_id`);
COMMIT;

/*!40101 SET CHARACTER_SET_CLIENT=@OLD_CHARACTER_SET_CLIENT */;
/*!40101 SET CHARACTER_SET_RESULTS=@OLD_CHARACTER_SET_RESULTS */;
/*!40101 SET COLLATION_CONNECTION=@OLD_COLLATION_CONNECTION */;
